config,chunks,load_s,transform_s,embed_s,upsert_s,total_s,physical_workers,world_size
AsyncParallelOnly,100000000,6.49999383976683,3.9360020831227303,13.527509844861925,1.6470506669720635,20.955182016827166,1024,1024
DaskScalableRAG,100000000,7.252114478498697,3.0172888226807117,6.090468124952167,19.70702715916559,26.826386912027374,1024,1024
BulkSynchronousParallelRAG,100000000,0.3125759228132665,2.2107355669140816,3.4598734732717276,0.7230045208707452,4.781018135137856,1024,1024
HigressRAG,100000000,0.33671978395432234,2.0926155149936676,2.716970066074282,1.677628180012107,6.027822824195027,1024,1024
AgenticDRC,100000000,0.27967338683083653,1.9909857483580709,2.253048948943615,1.4460936039686203,4.5054176319390535,1024,1024
