config,chunks,load_s,transform_s,embed_s,upsert_s,total_s,physical_workers,world_size
AsyncParallelOnly,97280000,9.27234980207868,4.652786321006715,19.567662306129932,1.6371654770337045,27.106572024989873,1024,1024
DaskScalableRAG,97280000,10.005577338859439,3.020267017185688,9.050609122030437,23.74197254003957,39.5064622531645,1024,1024
BulkSynchronousParallelRAG,97280000,3.487212806008756,2.0787613578140736,3.7063200012780726,1.0605617291294038,7.397945231758058,1024,1024
HigressRAG,97280000,3.1419226741418242,1.8689280543476343,2.749389097094536,1.4817398500163108,6.014617219567299,1024,1024
AgenticDRC,97280000,4.52994645370543,0.8864531461149454,0.6359763317741454,0.08175892103463411,5.185095417778939,1024,1024
