config,chunks,load_s,transform_s,embed_s,upsert_s,total_s,physical_workers,world_size
AsyncParallelOnly,10000000,2.645581421907991,2.046882279915735,8.066779054002836,0.724231667816639,11.64102521399036,128,128
DaskScalableRAG,10000000,2.875941056990996,2.1938322535715997,3.221542201936245,12.423299007117748,16.18767775222659,128,128
BulkSynchronousParallelRAG,10000000,0.9246504281181842,2.2148475106805563,1.9445646579843014,0.3406344037503004,3.968469437211752,128,128
HigressRAG,10000000,0.889770956709981,2.1077083707787097,1.7646010019816458,0.6337683640886098,4.438745282124728,128,128
AgenticDRC,10000000,0.9519224117975682,1.2765347370877862,1.5073220448102802,0.4371768361888826,3.4873089999891818,128,128
