run_id,seed,model_id,backend,workload_name,context_tokens,output_tokens,num_agents,branch_factor,num_prompts,available,skipped,reason,ttft_sec,total_latency_sec,prefill_sec,decode_sec,transfer_sec,resume_sec,omega_sec,throughput_tokens_per_sec,kv_total_bytes,kv_peak_bytes,kv_transferred_bytes,kv_reuse_ratio,materialize_count,transfer_count,branch_instances,dense_prefill_sec,stateful_prefill_sec,tpot_sec,itl_sec,e2el_sec,request_throughput_req_per_sec,source_metrics_path,kvcomm_available,kvcomm_mode,kvcomm_repo,kvcomm_reference,kvcomm_anchor_overhead_sec,kvcomm_reuse_fraction,stateful_parallel_width,stateful_parallel_waves,hf_cuda_device_count,hf_active_cuda_devices,hf_tensor_parallel_size,hf_device,hf_device_map_requested,hf_device_map_effective,hf_prefill_ttft_sec
multi_0481cda368bb,0,meta-llama/Meta-Llama-3-8B-Instruct,hf_measured,AAFLOW+,1024,64,4,4,32,True,False,,0.03578799367190614,144.1880097612926,1.847022866285079,142.26372883212753,0.06765806288000001,0.0064,0.0032,227.2588411078589,142606336,463470586,12085886790,0.9375,1,480,16,167.37623142264783,1.847022866285079,,,,,runs/stateful/full_paper/exp5_throughput_overhead_llama3_hf/hf_measurements/meta-llama_Meta-Llama-3-8B-Instruct/ctx1024_out64_s0/metrics.json,,,,,,,8,2,2,2,2,cuda,balanced,"{""lm_head"": ""1"", ""model.embed_tokens"": ""0"", ""model.layers.0"": ""0"", ""model.layers.1"": ""0"", ""model.layers.10"": ""0"", ""model.layers.11"": ""0"", ""model.layers.12"": ""0"", ""model.layers.13"": ""0"", ""model.layers.14"": ""1"", ""model.layers.15"": ""1"", ""model.layers.16"": ""1"", ""model.layers.17"": ""1"", ""model.layers.18"": ""1"", ""model.layers.19"": ""1"", ""model.layers.2"": ""0"", ""model.layers.20"": ""1"", ""model.layers.21"": ""1"", ""model.layers.22"": ""1"", ""model.layers.23"": ""1"", ""model.layers.24"": ""1"", ""model.layers.25"": ""1"", ""model.layers.26"": ""1"", ""model.layers.27"": ""1"", ""model.layers.28"": ""1"", ""model.layers.29"": ""1"", ""model.layers.3"": ""0"", ""model.layers.30"": ""1"", ""model.layers.31"": ""1"", ""model.layers.4"": ""0"", ""model.layers.5"": ""0"", ""model.layers.6"": ""0"", ""model.layers.7"": ""0"", ""model.layers.8"": ""0"", ""model.layers.9"": ""0"", ""model.norm"": ""1"", ""model.rotary_emb"": ""1""}",0.32690670199735905
multi_5e3edbf40307,0,meta-llama/Meta-Llama-3-8B-Instruct,hf_measured,dense_prefill,1024,64,4,4,32,True,False,,0.3616890576692652,1305.511662079668,167.37623142264783,1138.1098306570202,0.0,0.0,0.0008,25.099737483616867,142606336,2281701376,0,0.0,16,0,16,167.37623142264783,1.847022866285079,,,,,runs/stateful/full_paper/exp5_throughput_overhead_llama3_hf/hf_measurements/meta-llama_Meta-Llama-3-8B-Instruct/ctx1024_out64_s0/metrics.json,,,,,,,8,2,2,2,2,cuda,balanced,"{""lm_head"": ""1"", ""model.embed_tokens"": ""0"", ""model.layers.0"": ""0"", ""model.layers.1"": ""0"", ""model.layers.10"": ""0"", ""model.layers.11"": ""0"", ""model.layers.12"": ""0"", ""model.layers.13"": ""0"", ""model.layers.14"": ""1"", ""model.layers.15"": ""1"", ""model.layers.16"": ""1"", ""model.layers.17"": ""1"", ""model.layers.18"": ""1"", ""model.layers.19"": ""1"", ""model.layers.2"": ""0"", ""model.layers.20"": ""1"", ""model.layers.21"": ""1"", ""model.layers.22"": ""1"", ""model.layers.23"": ""1"", ""model.layers.24"": ""1"", ""model.layers.25"": ""1"", ""model.layers.26"": ""1"", ""model.layers.27"": ""1"", ""model.layers.28"": ""1"", ""model.layers.29"": ""1"", ""model.layers.3"": ""0"", ""model.layers.30"": ""1"", ""model.layers.31"": ""1"", ""model.layers.4"": ""0"", ""model.layers.5"": ""0"", ""model.layers.6"": ""0"", ""model.layers.7"": ""0"", ""model.layers.8"": ""0"", ""model.layers.9"": ""0"", ""model.norm"": ""1"", ""model.rotary_emb"": ""1""}",0.32690670199735905
multi_fba9b6d21f39,0,meta-llama/Meta-Llama-3-8B-Instruct,hf_measured,aaflow_text,1024,64,4,4,32,True,False,,0.36822719170921236,1308.8591867081211,167.37623142264783,1138.1098306570202,0.0,0.0,3.3731246284529566,25.035542656360136,142606336,2464237486,0,0.0,512,0,16,167.37623142264783,1.847022866285079,,,,,runs/stateful/full_paper/exp5_throughput_overhead_llama3_hf/hf_measurements/meta-llama_Meta-Llama-3-8B-Instruct/ctx1024_out64_s0/metrics.json,,,,,,,8,2,2,2,2,cuda,balanced,"{""lm_head"": ""1"", ""model.embed_tokens"": ""0"", ""model.layers.0"": ""0"", ""model.layers.1"": ""0"", ""model.layers.10"": ""0"", ""model.layers.11"": ""0"", ""model.layers.12"": ""0"", ""model.layers.13"": ""0"", ""model.layers.14"": ""1"", ""model.layers.15"": ""1"", ""model.layers.16"": ""1"", ""model.layers.17"": ""1"", ""model.layers.18"": ""1"", ""model.layers.19"": ""1"", ""model.layers.2"": ""0"", ""model.layers.20"": ""1"", ""model.layers.21"": ""1"", ""model.layers.22"": ""1"", ""model.layers.23"": ""1"", ""model.layers.24"": ""1"", ""model.layers.25"": ""1"", ""model.layers.26"": ""1"", ""model.layers.27"": ""1"", ""model.layers.28"": ""1"", ""model.layers.29"": ""1"", ""model.layers.3"": ""0"", ""model.layers.30"": ""1"", ""model.layers.31"": ""1"", ""model.layers.4"": ""0"", ""model.layers.5"": ""0"", ""model.layers.6"": ""0"", ""model.layers.7"": ""0"", ""model.layers.8"": ""0"", ""model.layers.9"": ""0"", ""model.norm"": ""1"", ""model.rotary_emb"": ""1""}",0.32690670199735905
multi_126a7813603c,0,meta-llama/Meta-Llama-3-8B-Instruct,hf_measured,vllm_local_prefix,1024,64,4,4,32,True,False,,0.1166027811712459,1125.3636777845993,9.937963740719715,1115.3476340438797,0.0,0.0512,0.02688,29.1176982577822,142606336,827116744,0,0.9375,32,0,16,167.37623142264783,1.847022866285079,,,,,runs/stateful/full_paper/exp5_throughput_overhead_llama3_hf/hf_measurements/meta-llama_Meta-Llama-3-8B-Instruct/ctx1024_out64_s0/metrics.json,,,,,,,8,2,2,2,2,cuda,balanced,"{""lm_head"": ""1"", ""model.embed_tokens"": ""0"", ""model.layers.0"": ""0"", ""model.layers.1"": ""0"", ""model.layers.10"": ""0"", ""model.layers.11"": ""0"", ""model.layers.12"": ""0"", ""model.layers.13"": ""0"", ""model.layers.14"": ""1"", ""model.layers.15"": ""1"", ""model.layers.16"": ""1"", ""model.layers.17"": ""1"", ""model.layers.18"": ""1"", ""model.layers.19"": ""1"", ""model.layers.2"": ""0"", ""model.layers.20"": ""1"", ""model.layers.21"": ""1"", ""model.layers.22"": ""1"", ""model.layers.23"": ""1"", ""model.layers.24"": ""1"", ""model.layers.25"": ""1"", ""model.layers.26"": ""1"", ""model.layers.27"": ""1"", ""model.layers.28"": ""1"", ""model.layers.29"": ""1"", ""model.layers.3"": ""0"", ""model.layers.30"": ""1"", ""model.layers.31"": ""1"", ""model.layers.4"": ""0"", ""model.layers.5"": ""0"", ""model.layers.6"": ""0"", ""model.layers.7"": ""0"", ""model.layers.8"": ""0"", ""model.layers.9"": ""0"", ""model.norm"": ""1"", ""model.rotary_emb"": ""1""}",0.32690670199735905
multi_487c5fa745a6,0,meta-llama/Meta-Llama-3-8B-Instruct,hf_measured,sglang_prefix,1024,64,4,4,32,True,False,,0.09208477852144398,1102.0797104482635,9.414913017523942,1092.5854374307394,0.0,0.0512,0.028160000000000004,29.73287656903858,142606336,827116744,0,0.9375,32,0,16,167.37623142264783,1.847022866285079,,,,,runs/stateful/full_paper/exp5_throughput_overhead_llama3_hf/hf_measurements/meta-llama_Meta-Llama-3-8B-Instruct/ctx1024_out64_s0/metrics.json,,,,,,,8,2,2,2,2,cuda,balanced,"{""lm_head"": ""1"", ""model.embed_tokens"": ""0"", ""model.layers.0"": ""0"", ""model.layers.1"": ""0"", ""model.layers.10"": ""0"", ""model.layers.11"": ""0"", ""model.layers.12"": ""0"", ""model.layers.13"": ""0"", ""model.layers.14"": ""1"", ""model.layers.15"": ""1"", ""model.layers.16"": ""1"", ""model.layers.17"": ""1"", ""model.layers.18"": ""1"", ""model.layers.19"": ""1"", ""model.layers.2"": ""0"", ""model.layers.20"": ""1"", ""model.layers.21"": ""1"", ""model.layers.22"": ""1"", ""model.layers.23"": ""1"", ""model.layers.24"": ""1"", ""model.layers.25"": ""1"", ""model.layers.26"": ""1"", ""model.layers.27"": ""1"", ""model.layers.28"": ""1"", ""model.layers.29"": ""1"", ""model.layers.3"": ""0"", ""model.layers.30"": ""1"", ""model.layers.31"": ""1"", ""model.layers.4"": ""0"", ""model.layers.5"": ""0"", ""model.layers.6"": ""0"", ""model.layers.7"": ""0"", ""model.layers.8"": ""0"", ""model.layers.9"": ""0"", ""model.norm"": ""1"", ""model.rotary_emb"": ""1""}",0.32690670199735905
multi_f2f01796a787,0,meta-llama/Meta-Llama-3-8B-Instruct,hf_measured,kvcomm_prefix,1024,64,4,4,32,True,False,,0.14593063435100823,1201.9476188869046,57.5355795515352,1138.1098306570202,0.0,0.0,6.302208678349293,27.26241933100685,142606336,784334848,0,0.65625,32,0,16,167.37623142264783,57.5355795515352,,,,,runs/stateful/full_paper/exp5_throughput_overhead_llama3_hf/hf_measurements/meta-llama_Meta-Llama-3-8B-Instruct/ctx1024_out64_s0/metrics.json,False,measured_profile_simulation,,https://github.com/FastMAS/KVCOMM,6.276608678349294,0.7,8,2,2,2,2,cuda,balanced,"{""lm_head"": ""1"", ""model.embed_tokens"": ""0"", ""model.layers.0"": ""0"", ""model.layers.1"": ""0"", ""model.layers.10"": ""0"", ""model.layers.11"": ""0"", ""model.layers.12"": ""0"", ""model.layers.13"": ""0"", ""model.layers.14"": ""1"", ""model.layers.15"": ""1"", ""model.layers.16"": ""1"", ""model.layers.17"": ""1"", ""model.layers.18"": ""1"", ""model.layers.19"": ""1"", ""model.layers.2"": ""0"", ""model.layers.20"": ""1"", ""model.layers.21"": ""1"", ""model.layers.22"": ""1"", ""model.layers.23"": ""1"", ""model.layers.24"": ""1"", ""model.layers.25"": ""1"", ""model.layers.26"": ""1"", ""model.layers.27"": ""1"", ""model.layers.28"": ""1"", ""model.layers.29"": ""1"", ""model.layers.3"": ""0"", ""model.layers.30"": ""1"", ""model.layers.31"": ""1"", ""model.layers.4"": ""0"", ""model.layers.5"": ""0"", ""model.layers.6"": ""0"", ""model.layers.7"": ""0"", ""model.layers.8"": ""0"", ""model.layers.9"": ""0"", ""model.norm"": ""1"", ""model.rotary_emb"": ""1""}",0.32690670199735905
multi_9584789e48af,0,meta-llama/Meta-Llama-3-8B-Instruct,hf_measured,distserve_style,1024,64,4,4,32,True,False,,0.040636609111906134,1151.4096867721357,10.46101446391549,1138.1098306570202,2.7620416512,0.0512,0.0256,28.45902755244476,142606336,2424307712,68451041280,0.0,32,480,16,167.37623142264783,1.847022866285079,,,,,runs/stateful/full_paper/exp5_throughput_overhead_llama3_hf/hf_measurements/meta-llama_Meta-Llama-3-8B-Instruct/ctx1024_out64_s0/metrics.json,,,,,,,8,2,2,2,2,cuda,balanced,"{""lm_head"": ""1"", ""model.embed_tokens"": ""0"", ""model.layers.0"": ""0"", ""model.layers.1"": ""0"", ""model.layers.10"": ""0"", ""model.layers.11"": ""0"", ""model.layers.12"": ""0"", ""model.layers.13"": ""0"", ""model.layers.14"": ""1"", ""model.layers.15"": ""1"", ""model.layers.16"": ""1"", ""model.layers.17"": ""1"", ""model.layers.18"": ""1"", ""model.layers.19"": ""1"", ""model.layers.2"": ""0"", ""model.layers.20"": ""1"", ""model.layers.21"": ""1"", ""model.layers.22"": ""1"", ""model.layers.23"": ""1"", ""model.layers.24"": ""1"", ""model.layers.25"": ""1"", ""model.layers.26"": ""1"", ""model.layers.27"": ""1"", ""model.layers.28"": ""1"", ""model.layers.29"": ""1"", ""model.layers.3"": ""0"", ""model.layers.30"": ""1"", ""model.layers.31"": ""1"", ""model.layers.4"": ""0"", ""model.layers.5"": ""0"", ""model.layers.6"": ""0"", ""model.layers.7"": ""0"", ""model.layers.8"": ""0"", ""model.layers.9"": ""0"", ""model.norm"": ""1"", ""model.rotary_emb"": ""1""}",0.32690670199735905
multi_002820a6835e,0,meta-llama/Meta-Llama-3-8B-Instruct,hf_measured,AAFLOW+,1024,64,8,4,32,True,False,,0.03578799367190614,286.52899665630014,1.847022866285079,284.52745766425505,0.13531612576000002,0.0128,0.0064,228.72379677025268,142606336,805725786,24977499366,0.96875,1,992,32,334.75246284529567,1.847022866285079,,,,,runs/stateful/full_paper/exp5_throughput_overhead_llama3_hf/hf_measurements/meta-llama_Meta-Llama-3-8B-Instruct/ctx1024_out64_s0/metrics.json,,,,,,,8,4,2,2,2,cuda,balanced,"{""lm_head"": ""1"", ""model.embed_tokens"": ""0"", ""model.layers.0"": ""0"", ""model.layers.1"": ""0"", ""model.layers.10"": ""0"", ""model.layers.11"": ""0"", ""model.layers.12"": ""0"", ""model.layers.13"": ""0"", ""model.layers.14"": ""1"", ""model.layers.15"": ""1"", ""model.layers.16"": ""1"", ""model.layers.17"": ""1"", ""model.layers.18"": ""1"", ""model.layers.19"": ""1"", ""model.layers.2"": ""0"", ""model.layers.20"": ""1"", ""model.layers.21"": ""1"", ""model.layers.22"": ""1"", ""model.layers.23"": ""1"", ""model.layers.24"": ""1"", ""model.layers.25"": ""1"", ""model.layers.26"": ""1"", ""model.layers.27"": ""1"", ""model.layers.28"": ""1"", ""model.layers.29"": ""1"", ""model.layers.3"": ""0"", ""model.layers.30"": ""1"", ""model.layers.31"": ""1"", ""model.layers.4"": ""0"", ""model.layers.5"": ""0"", ""model.layers.6"": ""0"", ""model.layers.7"": ""0"", ""model.layers.8"": ""0"", ""model.layers.9"": ""0"", ""model.norm"": ""1"", ""model.rotary_emb"": ""1""}",0.32690670199735905
multi_97f1645e9ac8,0,meta-llama/Meta-Llama-3-8B-Instruct,hf_measured,dense_prefill,1024,64,8,4,32,True,False,,0.3616890576692652,2611.023324159336,334.75246284529567,2276.2196613140404,0.0,0.0,0.0016,25.099737483616867,142606336,4563402752,0,0.0,32,0,32,334.75246284529567,1.847022866285079,,,,,runs/stateful/full_paper/exp5_throughput_overhead_llama3_hf/hf_measurements/meta-llama_Meta-Llama-3-8B-Instruct/ctx1024_out64_s0/metrics.json,,,,,,,8,4,2,2,2,cuda,balanced,"{""lm_head"": ""1"", ""model.embed_tokens"": ""0"", ""model.layers.0"": ""0"", ""model.layers.1"": ""0"", ""model.layers.10"": ""0"", ""model.layers.11"": ""0"", ""model.layers.12"": ""0"", ""model.layers.13"": ""0"", ""model.layers.14"": ""1"", ""model.layers.15"": ""1"", ""model.layers.16"": ""1"", ""model.layers.17"": ""1"", ""model.layers.18"": ""1"", ""model.layers.19"": ""1"", ""model.layers.2"": ""0"", ""model.layers.20"": ""1"", ""model.layers.21"": ""1"", ""model.layers.22"": ""1"", ""model.layers.23"": ""1"", ""model.layers.24"": ""1"", ""model.layers.25"": ""1"", ""model.layers.26"": ""1"", ""model.layers.27"": ""1"", ""model.layers.28"": ""1"", ""model.layers.29"": ""1"", ""model.layers.3"": ""0"", ""model.layers.30"": ""1"", ""model.layers.31"": ""1"", ""model.layers.4"": ""0"", ""model.layers.5"": ""0"", ""model.layers.6"": ""0"", ""model.layers.7"": ""0"", ""model.layers.8"": ""0"", ""model.layers.9"": ""0"", ""model.norm"": ""1"", ""model.rotary_emb"": ""1""}",0.32690670199735905
multi_73e2e2a17c24,0,meta-llama/Meta-Llama-3-8B-Instruct,hf_measured,aaflow_text,1024,64,8,4,32,True,False,,0.36822719170921236,2617.7183734162422,334.75246284529567,2276.2196613140404,0.0,0.0,6.746249256905913,25.035542656360136,142606336,4928474972,0,0.0,1024,0,32,334.75246284529567,1.847022866285079,,,,,runs/stateful/full_paper/exp5_throughput_overhead_llama3_hf/hf_measurements/meta-llama_Meta-Llama-3-8B-Instruct/ctx1024_out64_s0/metrics.json,,,,,,,8,4,2,2,2,cuda,balanced,"{""lm_head"": ""1"", ""model.embed_tokens"": ""0"", ""model.layers.0"": ""0"", ""model.layers.1"": ""0"", ""model.layers.10"": ""0"", ""model.layers.11"": ""0"", ""model.layers.12"": ""0"", ""model.layers.13"": ""0"", ""model.layers.14"": ""1"", ""model.layers.15"": ""1"", ""model.layers.16"": ""1"", ""model.layers.17"": ""1"", ""model.layers.18"": ""1"", ""model.layers.19"": ""1"", ""model.layers.2"": ""0"", ""model.layers.20"": ""1"", ""model.layers.21"": ""1"", ""model.layers.22"": ""1"", ""model.layers.23"": ""1"", ""model.layers.24"": ""1"", ""model.layers.25"": ""1"", ""model.layers.26"": ""1"", ""model.layers.27"": ""1"", ""model.layers.28"": ""1"", ""model.layers.29"": ""1"", ""model.layers.3"": ""0"", ""model.layers.30"": ""1"", ""model.layers.31"": ""1"", ""model.layers.4"": ""0"", ""model.layers.5"": ""0"", ""model.layers.6"": ""0"", ""model.layers.7"": ""0"", ""model.layers.8"": ""0"", ""model.layers.9"": ""0"", ""model.norm"": ""1"", ""model.rotary_emb"": ""1""}",0.32690670199735905
multi_af968eb6f897,0,meta-llama/Meta-Llama-3-8B-Instruct,hf_measured,vllm_local_prefix,1024,64,8,4,32,True,False,,0.10843323862131192,2240.789391828479,9.937963740719715,2230.6952680877594,0.0,0.1024,0.05376,29.246836065446907,142606336,1654233488,0,0.96875,32,0,32,334.75246284529567,1.847022866285079,,,,,runs/stateful/full_paper/exp5_throughput_overhead_llama3_hf/hf_measurements/meta-llama_Meta-Llama-3-8B-Instruct/ctx1024_out64_s0/metrics.json,,,,,,,8,4,2,2,2,cuda,balanced,"{""lm_head"": ""1"", ""model.embed_tokens"": ""0"", ""model.layers.0"": ""0"", ""model.layers.1"": ""0"", ""model.layers.10"": ""0"", ""model.layers.11"": ""0"", ""model.layers.12"": ""0"", ""model.layers.13"": ""0"", ""model.layers.14"": ""1"", ""model.layers.15"": ""1"", ""model.layers.16"": ""1"", ""model.layers.17"": ""1"", ""model.layers.18"": ""1"", ""model.layers.19"": ""1"", ""model.layers.2"": ""0"", ""model.layers.20"": ""1"", ""model.layers.21"": ""1"", ""model.layers.22"": ""1"", ""model.layers.23"": ""1"", ""model.layers.24"": ""1"", ""model.layers.25"": ""1"", ""model.layers.26"": ""1"", ""model.layers.27"": ""1"", ""model.layers.28"": ""1"", ""model.layers.29"": ""1"", ""model.layers.3"": ""0"", ""model.layers.30"": ""1"", ""model.layers.31"": ""1"", ""model.layers.4"": ""0"", ""model.layers.5"": ""0"", ""model.layers.6"": ""0"", ""model.layers.7"": ""0"", ""model.layers.8"": ""0"", ""model.layers.9"": ""0"", ""model.norm"": ""1"", ""model.rotary_emb"": ""1""}",0.32690670199735905
multi_425e0cef53b4,0,meta-llama/Meta-Llama-3-8B-Instruct,hf_measured,sglang_prefix,1024,64,8,4,32,True,False,,0.08309796921651659,2194.744507879003,9.414913017523942,2185.1708748614788,0.0,0.1024,0.05632000000000001,29.86042328149342,142606336,1654233488,0,0.96875,32,0,32,334.75246284529567,1.847022866285079,,,,,runs/stateful/full_paper/exp5_throughput_overhead_llama3_hf/hf_measurements/meta-llama_Meta-Llama-3-8B-Instruct/ctx1024_out64_s0/metrics.json,,,,,,,8,4,2,2,2,cuda,balanced,"{""lm_head"": ""1"", ""model.embed_tokens"": ""0"", ""model.layers.0"": ""0"", ""model.layers.1"": ""0"", ""model.layers.10"": ""0"", ""model.layers.11"": ""0"", ""model.layers.12"": ""0"", ""model.layers.13"": ""0"", ""model.layers.14"": ""1"", ""model.layers.15"": ""1"", ""model.layers.16"": ""1"", ""model.layers.17"": ""1"", ""model.layers.18"": ""1"", ""model.layers.19"": ""1"", ""model.layers.2"": ""0"", ""model.layers.20"": ""1"", ""model.layers.21"": ""1"", ""model.layers.22"": ""1"", ""model.layers.23"": ""1"", ""model.layers.24"": ""1"", ""model.layers.25"": ""1"", ""model.layers.26"": ""1"", ""model.layers.27"": ""1"", ""model.layers.28"": ""1"", ""model.layers.29"": ""1"", ""model.layers.3"": ""0"", ""model.layers.30"": ""1"", ""model.layers.31"": ""1"", ""model.layers.4"": ""0"", ""model.layers.5"": ""0"", ""model.layers.6"": ""0"", ""model.layers.7"": ""0"", ""model.layers.8"": ""0"", ""model.layers.9"": ""0"", ""model.norm"": ""1"", ""model.rotary_emb"": ""1""}",0.32690670199735905
multi_405c517641db,0,meta-llama/Meta-Llama-3-8B-Instruct,hf_measured,kvcomm_prefix,1024,64,8,4,32,True,False,,0.14593063435100823,2396.990968227625,107.74844897832956,2276.2196613140404,0.0,0.0,13.022857935255207,27.34094573934019,142606336,1468845260,0,0.678125,32,0,32,334.75246284529567,107.74844897832956,,,,,runs/stateful/full_paper/exp5_throughput_overhead_llama3_hf/hf_measurements/meta-llama_Meta-Llama-3-8B-Instruct/ctx1024_out64_s0/metrics.json,False,measured_profile_simulation,,https://github.com/FastMAS/KVCOMM,12.971657935255207,0.7,8,4,2,2,2,cuda,balanced,"{""lm_head"": ""1"", ""model.embed_tokens"": ""0"", ""model.layers.0"": ""0"", ""model.layers.1"": ""0"", ""model.layers.10"": ""0"", ""model.layers.11"": ""0"", ""model.layers.12"": ""0"", ""model.layers.13"": ""0"", ""model.layers.14"": ""1"", ""model.layers.15"": ""1"", ""model.layers.16"": ""1"", ""model.layers.17"": ""1"", ""model.layers.18"": ""1"", ""model.layers.19"": ""1"", ""model.layers.2"": ""0"", ""model.layers.20"": ""1"", ""model.layers.21"": ""1"", ""model.layers.22"": ""1"", ""model.layers.23"": ""1"", ""model.layers.24"": ""1"", ""model.layers.25"": ""1"", ""model.layers.26"": ""1"", ""model.layers.27"": ""1"", ""model.layers.28"": ""1"", ""model.layers.29"": ""1"", ""model.layers.3"": ""0"", ""model.layers.30"": ""1"", ""model.layers.31"": ""1"", ""model.layers.4"": ""0"", ""model.layers.5"": ""0"", ""model.layers.6"": ""0"", ""model.layers.7"": ""0"", ""model.layers.8"": ""0"", ""model.layers.9"": ""0"", ""model.norm"": ""1"", ""model.rotary_emb"": ""1""}",0.32690670199735905
multi_bec812fdb74c,0,meta-llama/Meta-Llama-3-8B-Instruct,hf_measured,distserve_style,1024,64,8,4,32,True,False,,0.040636609111906134,2292.542495190436,10.46101446391549,2276.2196613140404,5.70821941248,0.1024,0.0512,28.58660205317419,142606336,4706009088,141465485312,0.0,32,992,32,334.75246284529567,1.847022866285079,,,,,runs/stateful/full_paper/exp5_throughput_overhead_llama3_hf/hf_measurements/meta-llama_Meta-Llama-3-8B-Instruct/ctx1024_out64_s0/metrics.json,,,,,,,8,4,2,2,2,cuda,balanced,"{""lm_head"": ""1"", ""model.embed_tokens"": ""0"", ""model.layers.0"": ""0"", ""model.layers.1"": ""0"", ""model.layers.10"": ""0"", ""model.layers.11"": ""0"", ""model.layers.12"": ""0"", ""model.layers.13"": ""0"", ""model.layers.14"": ""1"", ""model.layers.15"": ""1"", ""model.layers.16"": ""1"", ""model.layers.17"": ""1"", ""model.layers.18"": ""1"", ""model.layers.19"": ""1"", ""model.layers.2"": ""0"", ""model.layers.20"": ""1"", ""model.layers.21"": ""1"", ""model.layers.22"": ""1"", ""model.layers.23"": ""1"", ""model.layers.24"": ""1"", ""model.layers.25"": ""1"", ""model.layers.26"": ""1"", ""model.layers.27"": ""1"", ""model.layers.28"": ""1"", ""model.layers.29"": ""1"", ""model.layers.3"": ""0"", ""model.layers.30"": ""1"", ""model.layers.31"": ""1"", ""model.layers.4"": ""0"", ""model.layers.5"": ""0"", ""model.layers.6"": ""0"", ""model.layers.7"": ""0"", ""model.layers.8"": ""0"", ""model.layers.9"": ""0"", ""model.norm"": ""1"", ""model.rotary_emb"": ""1""}",0.32690670199735905
multi_30243f5d41ac,0,meta-llama/Meta-Llama-3-8B-Instruct,hf_measured,AAFLOW+,1024,64,16,4,32,True,False,,0.03578799367190614,571.2109704463152,1.847022866285079,569.0549153285101,0.27063225152000003,0.0256,0.0128,229.4633800495586,142606336,1490236186,50760724518,0.984375,1,2016,64,669.5049256905913,1.847022866285079,,,,,runs/stateful/full_paper/exp5_throughput_overhead_llama3_hf/hf_measurements/meta-llama_Meta-Llama-3-8B-Instruct/ctx1024_out64_s0/metrics.json,,,,,,,8,8,2,2,2,cuda,balanced,"{""lm_head"": ""1"", ""model.embed_tokens"": ""0"", ""model.layers.0"": ""0"", ""model.layers.1"": ""0"", ""model.layers.10"": ""0"", ""model.layers.11"": ""0"", ""model.layers.12"": ""0"", ""model.layers.13"": ""0"", ""model.layers.14"": ""1"", ""model.layers.15"": ""1"", ""model.layers.16"": ""1"", ""model.layers.17"": ""1"", ""model.layers.18"": ""1"", ""model.layers.19"": ""1"", ""model.layers.2"": ""0"", ""model.layers.20"": ""1"", ""model.layers.21"": ""1"", ""model.layers.22"": ""1"", ""model.layers.23"": ""1"", ""model.layers.24"": ""1"", ""model.layers.25"": ""1"", ""model.layers.26"": ""1"", ""model.layers.27"": ""1"", ""model.layers.28"": ""1"", ""model.layers.29"": ""1"", ""model.layers.3"": ""0"", ""model.layers.30"": ""1"", ""model.layers.31"": ""1"", ""model.layers.4"": ""0"", ""model.layers.5"": ""0"", ""model.layers.6"": ""0"", ""model.layers.7"": ""0"", ""model.layers.8"": ""0"", ""model.layers.9"": ""0"", ""model.norm"": ""1"", ""model.rotary_emb"": ""1""}",0.32690670199735905
multi_8761b4bdb27d,0,meta-llama/Meta-Llama-3-8B-Instruct,hf_measured,dense_prefill,1024,64,16,4,32,True,False,,0.3616890576692652,5222.046648318672,669.5049256905913,4552.439322628081,0.0,0.0,0.0032,25.099737483616867,142606336,9126805504,0,0.0,64,0,64,669.5049256905913,1.847022866285079,,,,,runs/stateful/full_paper/exp5_throughput_overhead_llama3_hf/hf_measurements/meta-llama_Meta-Llama-3-8B-Instruct/ctx1024_out64_s0/metrics.json,,,,,,,8,8,2,2,2,cuda,balanced,"{""lm_head"": ""1"", ""model.embed_tokens"": ""0"", ""model.layers.0"": ""0"", ""model.layers.1"": ""0"", ""model.layers.10"": ""0"", ""model.layers.11"": ""0"", ""model.layers.12"": ""0"", ""model.layers.13"": ""0"", ""model.layers.14"": ""1"", ""model.layers.15"": ""1"", ""model.layers.16"": ""1"", ""model.layers.17"": ""1"", ""model.layers.18"": ""1"", ""model.layers.19"": ""1"", ""model.layers.2"": ""0"", ""model.layers.20"": ""1"", ""model.layers.21"": ""1"", ""model.layers.22"": ""1"", ""model.layers.23"": ""1"", ""model.layers.24"": ""1"", ""model.layers.25"": ""1"", ""model.layers.26"": ""1"", ""model.layers.27"": ""1"", ""model.layers.28"": ""1"", ""model.layers.29"": ""1"", ""model.layers.3"": ""0"", ""model.layers.30"": ""1"", ""model.layers.31"": ""1"", ""model.layers.4"": ""0"", ""model.layers.5"": ""0"", ""model.layers.6"": ""0"", ""model.layers.7"": ""0"", ""model.layers.8"": ""0"", ""model.layers.9"": ""0"", ""model.norm"": ""1"", ""model.rotary_emb"": ""1""}",0.32690670199735905
multi_c3d9c20bb84c,0,meta-llama/Meta-Llama-3-8B-Instruct,hf_measured,aaflow_text,1024,64,16,4,32,True,False,,0.36822719170921236,5235.4367468324845,669.5049256905913,4552.439322628081,0.0,0.0,13.492498513811826,25.035542656360136,142606336,9856949944,0,0.0,2048,0,64,669.5049256905913,1.847022866285079,,,,,runs/stateful/full_paper/exp5_throughput_overhead_llama3_hf/hf_measurements/meta-llama_Meta-Llama-3-8B-Instruct/ctx1024_out64_s0/metrics.json,,,,,,,8,8,2,2,2,cuda,balanced,"{""lm_head"": ""1"", ""model.embed_tokens"": ""0"", ""model.layers.0"": ""0"", ""model.layers.1"": ""0"", ""model.layers.10"": ""0"", ""model.layers.11"": ""0"", ""model.layers.12"": ""0"", ""model.layers.13"": ""0"", ""model.layers.14"": ""1"", ""model.layers.15"": ""1"", ""model.layers.16"": ""1"", ""model.layers.17"": ""1"", ""model.layers.18"": ""1"", ""model.layers.19"": ""1"", ""model.layers.2"": ""0"", ""model.layers.20"": ""1"", ""model.layers.21"": ""1"", ""model.layers.22"": ""1"", ""model.layers.23"": ""1"", ""model.layers.24"": ""1"", ""model.layers.25"": ""1"", ""model.layers.26"": ""1"", ""model.layers.27"": ""1"", ""model.layers.28"": ""1"", ""model.layers.29"": ""1"", ""model.layers.3"": ""0"", ""model.layers.30"": ""1"", ""model.layers.31"": ""1"", ""model.layers.4"": ""0"", ""model.layers.5"": ""0"", ""model.layers.6"": ""0"", ""model.layers.7"": ""0"", ""model.layers.8"": ""0"", ""model.layers.9"": ""0"", ""model.norm"": ""1"", ""model.rotary_emb"": ""1""}",0.32690670199735905
multi_cad976baa8f6,0,meta-llama/Meta-Llama-3-8B-Instruct,hf_measured,vllm_local_prefix,1024,64,16,4,32,True,False,,0.10434846734634493,4471.640819916239,9.937963740719715,4461.390536175519,0.0,0.2048,0.10752,29.311835471270072,142606336,3308466976,0,0.984375,32,0,64,669.5049256905913,1.847022866285079,,,,,runs/stateful/full_paper/exp5_throughput_overhead_llama3_hf/hf_measurements/meta-llama_Meta-Llama-3-8B-Instruct/ctx1024_out64_s0/metrics.json,,,,,,,8,8,2,2,2,cuda,balanced,"{""lm_head"": ""1"", ""model.embed_tokens"": ""0"", ""model.layers.0"": ""0"", ""model.layers.1"": ""0"", ""model.layers.10"": ""0"", ""model.layers.11"": ""0"", ""model.layers.12"": ""0"", ""model.layers.13"": ""0"", ""model.layers.14"": ""1"", ""model.layers.15"": ""1"", ""model.layers.16"": ""1"", ""model.layers.17"": ""1"", ""model.layers.18"": ""1"", ""model.layers.19"": ""1"", ""model.layers.2"": ""0"", ""model.layers.20"": ""1"", ""model.layers.21"": ""1"", ""model.layers.22"": ""1"", ""model.layers.23"": ""1"", ""model.layers.24"": ""1"", ""model.layers.25"": ""1"", ""model.layers.26"": ""1"", ""model.layers.27"": ""1"", ""model.layers.28"": ""1"", ""model.layers.29"": ""1"", ""model.layers.3"": ""0"", ""model.layers.30"": ""1"", ""model.layers.31"": ""1"", ""model.layers.4"": ""0"", ""model.layers.5"": ""0"", ""model.layers.6"": ""0"", ""model.layers.7"": ""0"", ""model.layers.8"": ""0"", ""model.layers.9"": ""0"", ""model.norm"": ""1"", ""model.rotary_emb"": ""1""}",0.32690670199735905
multi_955371887fb9,0,meta-llama/Meta-Llama-3-8B-Instruct,hf_measured,sglang_prefix,1024,64,16,4,32,True,False,,0.0786045645640529,4380.074102740482,9.414913017523942,4370.3417497229575,0.0,0.2048,0.11264000000000002,29.924607877750777,142606336,3308466976,0,0.984375,32,0,64,669.5049256905913,1.847022866285079,,,,,runs/stateful/full_paper/exp5_throughput_overhead_llama3_hf/hf_measurements/meta-llama_Meta-Llama-3-8B-Instruct/ctx1024_out64_s0/metrics.json,,,,,,,8,8,2,2,2,cuda,balanced,"{""lm_head"": ""1"", ""model.embed_tokens"": ""0"", ""model.layers.0"": ""0"", ""model.layers.1"": ""0"", ""model.layers.10"": ""0"", ""model.layers.11"": ""0"", ""model.layers.12"": ""0"", ""model.layers.13"": ""0"", ""model.layers.14"": ""1"", ""model.layers.15"": ""1"", ""model.layers.16"": ""1"", ""model.layers.17"": ""1"", ""model.layers.18"": ""1"", ""model.layers.19"": ""1"", ""model.layers.2"": ""0"", ""model.layers.20"": ""1"", ""model.layers.21"": ""1"", ""model.layers.22"": ""1"", ""model.layers.23"": ""1"", ""model.layers.24"": ""1"", ""model.layers.25"": ""1"", ""model.layers.26"": ""1"", ""model.layers.27"": ""1"", ""model.layers.28"": ""1"", ""model.layers.29"": ""1"", ""model.layers.3"": ""0"", ""model.layers.30"": ""1"", ""model.layers.31"": ""1"", ""model.layers.4"": ""0"", ""model.layers.5"": ""0"", ""model.layers.6"": ""0"", ""model.layers.7"": ""0"", ""model.layers.8"": ""0"", ""model.layers.9"": ""0"", ""model.norm"": ""1"", ""model.rotary_emb"": ""1""}",0.32690670199735905
multi_91a141b31301,0,meta-llama/Meta-Llama-3-8B-Instruct,hf_measured,kvcomm_prefix,1024,64,16,4,32,True,False,,0.14593063435100823,4787.077666909066,208.17418783191826,4552.439322628081,0.0,0.0,26.464156449067033,27.380378828202918,142606336,2837866086,0,0.6890624999999999,32,0,64,669.5049256905913,208.17418783191826,,,,,runs/stateful/full_paper/exp5_throughput_overhead_llama3_hf/hf_measurements/meta-llama_Meta-Llama-3-8B-Instruct/ctx1024_out64_s0/metrics.json,False,measured_profile_simulation,,https://github.com/FastMAS/KVCOMM,26.361756449067034,0.7,8,8,2,2,2,cuda,balanced,"{""lm_head"": ""1"", ""model.embed_tokens"": ""0"", ""model.layers.0"": ""0"", ""model.layers.1"": ""0"", ""model.layers.10"": ""0"", ""model.layers.11"": ""0"", ""model.layers.12"": ""0"", ""model.layers.13"": ""0"", ""model.layers.14"": ""1"", ""model.layers.15"": ""1"", ""model.layers.16"": ""1"", ""model.layers.17"": ""1"", ""model.layers.18"": ""1"", ""model.layers.19"": ""1"", ""model.layers.2"": ""0"", ""model.layers.20"": ""1"", ""model.layers.21"": ""1"", ""model.layers.22"": ""1"", ""model.layers.23"": ""1"", ""model.layers.24"": ""1"", ""model.layers.25"": ""1"", ""model.layers.26"": ""1"", ""model.layers.27"": ""1"", ""model.layers.28"": ""1"", ""model.layers.29"": ""1"", ""model.layers.3"": ""0"", ""model.layers.30"": ""1"", ""model.layers.31"": ""1"", ""model.layers.4"": ""0"", ""model.layers.5"": ""0"", ""model.layers.6"": ""0"", ""model.layers.7"": ""0"", ""model.layers.8"": ""0"", ""model.layers.9"": ""0"", ""model.norm"": ""1"", ""model.rotary_emb"": ""1""}",0.32690670199735905
multi_656b23a70088,0,meta-llama/Meta-Llama-3-8B-Instruct,hf_measured,distserve_style,1024,64,16,4,32,True,False,,0.040636609111906134,4574.808112027036,10.46101446391549,4552.439322628081,11.60057493504,0.2048,0.1024,28.650819179806813,142606336,9269411840,287494373376,0.0,32,2016,64,669.5049256905913,1.847022866285079,,,,,runs/stateful/full_paper/exp5_throughput_overhead_llama3_hf/hf_measurements/meta-llama_Meta-Llama-3-8B-Instruct/ctx1024_out64_s0/metrics.json,,,,,,,8,8,2,2,2,cuda,balanced,"{""lm_head"": ""1"", ""model.embed_tokens"": ""0"", ""model.layers.0"": ""0"", ""model.layers.1"": ""0"", ""model.layers.10"": ""0"", ""model.layers.11"": ""0"", ""model.layers.12"": ""0"", ""model.layers.13"": ""0"", ""model.layers.14"": ""1"", ""model.layers.15"": ""1"", ""model.layers.16"": ""1"", ""model.layers.17"": ""1"", ""model.layers.18"": ""1"", ""model.layers.19"": ""1"", ""model.layers.2"": ""0"", ""model.layers.20"": ""1"", ""model.layers.21"": ""1"", ""model.layers.22"": ""1"", ""model.layers.23"": ""1"", ""model.layers.24"": ""1"", ""model.layers.25"": ""1"", ""model.layers.26"": ""1"", ""model.layers.27"": ""1"", ""model.layers.28"": ""1"", ""model.layers.29"": ""1"", ""model.layers.3"": ""0"", ""model.layers.30"": ""1"", ""model.layers.31"": ""1"", ""model.layers.4"": ""0"", ""model.layers.5"": ""0"", ""model.layers.6"": ""0"", ""model.layers.7"": ""0"", ""model.layers.8"": ""0"", ""model.layers.9"": ""0"", ""model.norm"": ""1"", ""model.rotary_emb"": ""1""}",0.32690670199735905
multi_086515e0081a,0,meta-llama/Meta-Llama-3-8B-Instruct,hf_measured,AAFLOW+,1024,128,4,4,32,True,False,,0.0352473271634526,280.4001574081111,0.633106862787463,279.6860008321237,0.0714497132,0.0064,0.0032,233.7231212913158,150994944,490733559,12796821225,0.9375,1,480,16,57.37180774286389,0.633106862787463,,,,,runs/stateful/full_paper/exp5_throughput_overhead_llama3_hf/hf_measurements/meta-llama_Meta-Llama-3-8B-Instruct/ctx1024_out128_s0/metrics.json,,,,,,,8,2,2,2,2,cuda,balanced,"{""lm_head"": ""1"", ""model.embed_tokens"": ""0"", ""model.layers.0"": ""0"", ""model.layers.1"": ""0"", ""model.layers.10"": ""0"", ""model.layers.11"": ""0"", ""model.layers.12"": ""0"", ""model.layers.13"": ""0"", ""model.layers.14"": ""1"", ""model.layers.15"": ""1"", ""model.layers.16"": ""1"", ""model.layers.17"": ""1"", ""model.layers.18"": ""1"", ""model.layers.19"": ""1"", ""model.layers.2"": ""0"", ""model.layers.20"": ""1"", ""model.layers.21"": ""1"", ""model.layers.22"": ""1"", ""model.layers.23"": ""1"", ""model.layers.24"": ""1"", ""model.layers.25"": ""1"", ""model.layers.26"": ""1"", ""model.layers.27"": ""1"", ""model.layers.28"": ""1"", ""model.layers.29"": ""1"", ""model.layers.3"": ""0"", ""model.layers.30"": ""1"", ""model.layers.31"": ""1"", ""model.layers.4"": ""0"", ""model.layers.5"": ""0"", ""model.layers.6"": ""0"", ""model.layers.7"": ""0"", ""model.layers.8"": ""0"", ""model.layers.9"": ""0"", ""model.norm"": ""1"", ""model.rotary_emb"": ""1""}",0.11205431199778104
multi_f3fddbdf11f7,0,meta-llama/Meta-Llama-3-8B-Instruct,hf_measured,dense_prefill,1024,128,4,4,32,True,False,,0.14624566952123363,2294.8854143998533,57.37180774286389,2237.4880066569895,0.0,0.0,0.0008,28.55741711057876,150994944,2415919104,0,0.0,16,0,16,57.37180774286389,0.633106862787463,,,,,runs/stateful/full_paper/exp5_throughput_overhead_llama3_hf/hf_measurements/meta-llama_Meta-Llama-3-8B-Instruct/ctx1024_out128_s0/metrics.json,,,,,,,8,2,2,2,2,cuda,balanced,"{""lm_head"": ""1"", ""model.embed_tokens"": ""0"", ""model.layers.0"": ""0"", ""model.layers.1"": ""0"", ""model.layers.10"": ""0"", ""model.layers.11"": ""0"", ""model.layers.12"": ""0"", ""model.layers.13"": ""0"", ""model.layers.14"": ""1"", ""model.layers.15"": ""1"", ""model.layers.16"": ""1"", ""model.layers.17"": ""1"", ""model.layers.18"": ""1"", ""model.layers.19"": ""1"", ""model.layers.2"": ""0"", ""model.layers.20"": ""1"", ""model.layers.21"": ""1"", ""model.layers.22"": ""1"", ""model.layers.23"": ""1"", ""model.layers.24"": ""1"", ""model.layers.25"": ""1"", ""model.layers.26"": ""1"", ""model.layers.27"": ""1"", ""model.layers.28"": ""1"", ""model.layers.29"": ""1"", ""model.layers.3"": ""0"", ""model.layers.30"": ""1"", ""model.layers.31"": ""1"", ""model.layers.4"": ""0"", ""model.layers.5"": ""0"", ""model.layers.6"": ""0"", ""model.layers.7"": ""0"", ""model.layers.8"": ""0"", ""model.layers.9"": ""0"", ""model.norm"": ""1"", ""model.rotary_emb"": ""1""}",0.11205431199778104
multi_60c45f4b81d4,0,meta-llama/Meta-Llama-3-8B-Instruct,hf_measured,aaflow_text,1024,128,4,4,32,True,False,,0.14848675576118925,2296.0328505547104,57.37180774286389,2237.4880066569895,0.0,0.0,1.1730361548572779,28.543145619265342,150994944,2609192632,0,0.0,512,0,16,57.37180774286389,0.633106862787463,,,,,runs/stateful/full_paper/exp5_throughput_overhead_llama3_hf/hf_measurements/meta-llama_Meta-Llama-3-8B-Instruct/ctx1024_out128_s0/metrics.json,,,,,,,8,2,2,2,2,cuda,balanced,"{""lm_head"": ""1"", ""model.embed_tokens"": ""0"", ""model.layers.0"": ""0"", ""model.layers.1"": ""0"", ""model.layers.10"": ""0"", ""model.layers.11"": ""0"", ""model.layers.12"": ""0"", ""model.layers.13"": ""0"", ""model.layers.14"": ""1"", ""model.layers.15"": ""1"", ""model.layers.16"": ""1"", ""model.layers.17"": ""1"", ""model.layers.18"": ""1"", ""model.layers.19"": ""1"", ""model.layers.2"": ""0"", ""model.layers.20"": ""1"", ""model.layers.21"": ""1"", ""model.layers.22"": ""1"", ""model.layers.23"": ""1"", ""model.layers.24"": ""1"", ""model.layers.25"": ""1"", ""model.layers.26"": ""1"", ""model.layers.27"": ""1"", ""model.layers.28"": ""1"", ""model.layers.29"": ""1"", ""model.layers.3"": ""0"", ""model.layers.30"": ""1"", ""model.layers.31"": ""1"", ""model.layers.4"": ""0"", ""model.layers.5"": ""0"", ""model.layers.6"": ""0"", ""model.layers.7"": ""0"", ""model.layers.8"": ""0"", ""model.layers.9"": ""0"", ""model.norm"": ""1"", ""model.rotary_emb"": ""1""}",0.11205431199778104
multi_0e556c9ffffa,0,meta-llama/Meta-Llama-3-8B-Instruct,hf_measured,vllm_local_prefix,1024,128,4,4,32,True,False,,0.06229868552289786,2196.222777608582,3.4064510847325433,2192.7382465238497,0.0,0.0512,0.02688,29.84032433693302,150994944,875770668,0,0.9375,32,0,16,57.37180774286389,0.633106862787463,,,,,runs/stateful/full_paper/exp5_throughput_overhead_llama3_hf/hf_measurements/meta-llama_Meta-Llama-3-8B-Instruct/ctx1024_out128_s0/metrics.json,,,,,,,8,2,2,2,2,cuda,balanced,"{""lm_head"": ""1"", ""model.embed_tokens"": ""0"", ""model.layers.0"": ""0"", ""model.layers.1"": ""0"", ""model.layers.10"": ""0"", ""model.layers.11"": ""0"", ""model.layers.12"": ""0"", ""model.layers.13"": ""0"", ""model.layers.14"": ""1"", ""model.layers.15"": ""1"", ""model.layers.16"": ""1"", ""model.layers.17"": ""1"", ""model.layers.18"": ""1"", ""model.layers.19"": ""1"", ""model.layers.2"": ""0"", ""model.layers.20"": ""1"", ""model.layers.21"": ""1"", ""model.layers.22"": ""1"", ""model.layers.23"": ""1"", ""model.layers.24"": ""1"", ""model.layers.25"": ""1"", ""model.layers.26"": ""1"", ""model.layers.27"": ""1"", ""model.layers.28"": ""1"", ""model.layers.29"": ""1"", ""model.layers.3"": ""0"", ""model.layers.30"": ""1"", ""model.layers.31"": ""1"", ""model.layers.4"": ""0"", ""model.layers.5"": ""0"", ""model.layers.6"": ""0"", ""model.layers.7"": ""0"", ""model.layers.8"": ""0"", ""model.layers.9"": ""0"", ""model.norm"": ""1"", ""model.rotary_emb"": ""1""}",0.11205431199778104
multi_ae0a37d673bf,0,meta-llama/Meta-Llama-3-8B-Instruct,hf_measured,sglang_prefix,1024,128,4,4,32,True,False,,0.05389461212306428,2151.2950105762457,3.227164185536094,2147.98848639071,0.0,0.0512,0.028160000000000004,30.463511363067557,150994944,875770668,0,0.9375,32,0,16,57.37180774286389,0.633106862787463,,,,,runs/stateful/full_paper/exp5_throughput_overhead_llama3_hf/hf_measurements/meta-llama_Meta-Llama-3-8B-Instruct/ctx1024_out128_s0/metrics.json,,,,,,,8,2,2,2,2,cuda,balanced,"{""lm_head"": ""1"", ""model.embed_tokens"": ""0"", ""model.layers.0"": ""0"", ""model.layers.1"": ""0"", ""model.layers.10"": ""0"", ""model.layers.11"": ""0"", ""model.layers.12"": ""0"", ""model.layers.13"": ""0"", ""model.layers.14"": ""1"", ""model.layers.15"": ""1"", ""model.layers.16"": ""1"", ""model.layers.17"": ""1"", ""model.layers.18"": ""1"", ""model.layers.19"": ""1"", ""model.layers.2"": ""0"", ""model.layers.20"": ""1"", ""model.layers.21"": ""1"", ""model.layers.22"": ""1"", ""model.layers.23"": ""1"", ""model.layers.24"": ""1"", ""model.layers.25"": ""1"", ""model.layers.26"": ""1"", ""model.layers.27"": ""1"", ""model.layers.28"": ""1"", ""model.layers.29"": ""1"", ""model.layers.3"": ""0"", ""model.layers.30"": ""1"", ""model.layers.31"": ""1"", ""model.layers.4"": ""0"", ""model.layers.5"": ""0"", ""model.layers.6"": ""0"", ""model.layers.7"": ""0"", ""model.layers.8"": ""0"", ""model.layers.9"": ""0"", ""model.norm"": ""1"", ""model.rotary_emb"": ""1""}",0.11205431199778104
multi_d831e080c9f7,0,meta-llama/Meta-Llama-3-8B-Instruct,hf_measured,kvcomm_prefix,1024,128,4,4,32,True,False,,0.07228982360269816,2259.3866083589564,19.721558911609467,2237.4880066569895,0.0,0.0,2.177042790357396,29.006102699528824,150994944,830472192,0,0.65625,32,0,16,57.37180774286389,19.721558911609467,,,,,runs/stateful/full_paper/exp5_throughput_overhead_llama3_hf/hf_measurements/meta-llama_Meta-Llama-3-8B-Instruct/ctx1024_out128_s0/metrics.json,False,measured_profile_simulation,,https://github.com/FastMAS/KVCOMM,2.1514427903573963,0.7,8,2,2,2,2,cuda,balanced,"{""lm_head"": ""1"", ""model.embed_tokens"": ""0"", ""model.layers.0"": ""0"", ""model.layers.1"": ""0"", ""model.layers.10"": ""0"", ""model.layers.11"": ""0"", ""model.layers.12"": ""0"", ""model.layers.13"": ""0"", ""model.layers.14"": ""1"", ""model.layers.15"": ""1"", ""model.layers.16"": ""1"", ""model.layers.17"": ""1"", ""model.layers.18"": ""1"", ""model.layers.19"": ""1"", ""model.layers.2"": ""0"", ""model.layers.20"": ""1"", ""model.layers.21"": ""1"", ""model.layers.22"": ""1"", ""model.layers.23"": ""1"", ""model.layers.24"": ""1"", ""model.layers.25"": ""1"", ""model.layers.26"": ""1"", ""model.layers.27"": ""1"", ""model.layers.28"": ""1"", ""model.layers.29"": ""1"", ""model.layers.3"": ""0"", ""model.layers.30"": ""1"", ""model.layers.31"": ""1"", ""model.layers.4"": ""0"", ""model.layers.5"": ""0"", ""model.layers.6"": ""0"", ""model.layers.7"": ""0"", ""model.layers.8"": ""0"", ""model.layers.9"": ""0"", ""model.norm"": ""1"", ""model.rotary_emb"": ""1""}",0.11205431199778104
multi_1917924ec086,0,meta-llama/Meta-Llama-3-8B-Instruct,hf_measured,distserve_style,1024,128,4,4,32,True,False,,0.0403811552834526,2244.073647565718,3.5857379839289933,2237.4880066569895,2.9231029248,0.0512,0.0256,29.204032617686522,150994944,2566914048,72477573120,0.0,32,480,16,57.37180774286389,0.633106862787463,,,,,runs/stateful/full_paper/exp5_throughput_overhead_llama3_hf/hf_measurements/meta-llama_Meta-Llama-3-8B-Instruct/ctx1024_out128_s0/metrics.json,,,,,,,8,2,2,2,2,cuda,balanced,"{""lm_head"": ""1"", ""model.embed_tokens"": ""0"", ""model.layers.0"": ""0"", ""model.layers.1"": ""0"", ""model.layers.10"": ""0"", ""model.layers.11"": ""0"", ""model.layers.12"": ""0"", ""model.layers.13"": ""0"", ""model.layers.14"": ""1"", ""model.layers.15"": ""1"", ""model.layers.16"": ""1"", ""model.layers.17"": ""1"", ""model.layers.18"": ""1"", ""model.layers.19"": ""1"", ""model.layers.2"": ""0"", ""model.layers.20"": ""1"", ""model.layers.21"": ""1"", ""model.layers.22"": ""1"", ""model.layers.23"": ""1"", ""model.layers.24"": ""1"", ""model.layers.25"": ""1"", ""model.layers.26"": ""1"", ""model.layers.27"": ""1"", ""model.layers.28"": ""1"", ""model.layers.29"": ""1"", ""model.layers.3"": ""0"", ""model.layers.30"": ""1"", ""model.layers.31"": ""1"", ""model.layers.4"": ""0"", ""model.layers.5"": ""0"", ""model.layers.6"": ""0"", ""model.layers.7"": ""0"", ""model.layers.8"": ""0"", ""model.layers.9"": ""0"", ""model.norm"": ""1"", ""model.rotary_emb"": ""1""}",0.11205431199778104
multi_1b76d4a50d40,0,meta-llama/Meta-Llama-3-8B-Instruct,hf_measured,AAFLOW+,1024,128,8,4,32,True,False,,0.0352473271634526,560.1672079534349,0.633106862787463,559.3720016642474,0.1428994264,0.0128,0.0064,233.98727761817798,150994944,853121415,26446763865,0.96875,1,992,32,114.74361548572779,0.633106862787463,,,,,runs/stateful/full_paper/exp5_throughput_overhead_llama3_hf/hf_measurements/meta-llama_Meta-Llama-3-8B-Instruct/ctx1024_out128_s0/metrics.json,,,,,,,8,4,2,2,2,cuda,balanced,"{""lm_head"": ""1"", ""model.embed_tokens"": ""0"", ""model.layers.0"": ""0"", ""model.layers.1"": ""0"", ""model.layers.10"": ""0"", ""model.layers.11"": ""0"", ""model.layers.12"": ""0"", ""model.layers.13"": ""0"", ""model.layers.14"": ""1"", ""model.layers.15"": ""1"", ""model.layers.16"": ""1"", ""model.layers.17"": ""1"", ""model.layers.18"": ""1"", ""model.layers.19"": ""1"", ""model.layers.2"": ""0"", ""model.layers.20"": ""1"", ""model.layers.21"": ""1"", ""model.layers.22"": ""1"", ""model.layers.23"": ""1"", ""model.layers.24"": ""1"", ""model.layers.25"": ""1"", ""model.layers.26"": ""1"", ""model.layers.27"": ""1"", ""model.layers.28"": ""1"", ""model.layers.29"": ""1"", ""model.layers.3"": ""0"", ""model.layers.30"": ""1"", ""model.layers.31"": ""1"", ""model.layers.4"": ""0"", ""model.layers.5"": ""0"", ""model.layers.6"": ""0"", ""model.layers.7"": ""0"", ""model.layers.8"": ""0"", ""model.layers.9"": ""0"", ""model.norm"": ""1"", ""model.rotary_emb"": ""1""}",0.11205431199778104
multi_356cba2b233c,0,meta-llama/Meta-Llama-3-8B-Instruct,hf_measured,dense_prefill,1024,128,8,4,32,True,False,,0.14624566952123363,4589.770828799707,114.74361548572779,4474.976013313979,0.0,0.0,0.0016,28.55741711057876,150994944,4831838208,0,0.0,32,0,32,114.74361548572779,0.633106862787463,,,,,runs/stateful/full_paper/exp5_throughput_overhead_llama3_hf/hf_measurements/meta-llama_Meta-Llama-3-8B-Instruct/ctx1024_out128_s0/metrics.json,,,,,,,8,4,2,2,2,cuda,balanced,"{""lm_head"": ""1"", ""model.embed_tokens"": ""0"", ""model.layers.0"": ""0"", ""model.layers.1"": ""0"", ""model.layers.10"": ""0"", ""model.layers.11"": ""0"", ""model.layers.12"": ""0"", ""model.layers.13"": ""0"", ""model.layers.14"": ""1"", ""model.layers.15"": ""1"", ""model.layers.16"": ""1"", ""model.layers.17"": ""1"", ""model.layers.18"": ""1"", ""model.layers.19"": ""1"", ""model.layers.2"": ""0"", ""model.layers.20"": ""1"", ""model.layers.21"": ""1"", ""model.layers.22"": ""1"", ""model.layers.23"": ""1"", ""model.layers.24"": ""1"", ""model.layers.25"": ""1"", ""model.layers.26"": ""1"", ""model.layers.27"": ""1"", ""model.layers.28"": ""1"", ""model.layers.29"": ""1"", ""model.layers.3"": ""0"", ""model.layers.30"": ""1"", ""model.layers.31"": ""1"", ""model.layers.4"": ""0"", ""model.layers.5"": ""0"", ""model.layers.6"": ""0"", ""model.layers.7"": ""0"", ""model.layers.8"": ""0"", ""model.layers.9"": ""0"", ""model.norm"": ""1"", ""model.rotary_emb"": ""1""}",0.11205431199778104
multi_969478bdf6c6,0,meta-llama/Meta-Llama-3-8B-Instruct,hf_measured,aaflow_text,1024,128,8,4,32,True,False,,0.14848675576118925,4592.065701109421,114.74361548572779,4474.976013313979,0.0,0.0,2.3460723097145557,28.543145619265342,150994944,5218385264,0,0.0,1024,0,32,114.74361548572779,0.633106862787463,,,,,runs/stateful/full_paper/exp5_throughput_overhead_llama3_hf/hf_measurements/meta-llama_Meta-Llama-3-8B-Instruct/ctx1024_out128_s0/metrics.json,,,,,,,8,4,2,2,2,cuda,balanced,"{""lm_head"": ""1"", ""model.embed_tokens"": ""0"", ""model.layers.0"": ""0"", ""model.layers.1"": ""0"", ""model.layers.10"": ""0"", ""model.layers.11"": ""0"", ""model.layers.12"": ""0"", ""model.layers.13"": ""0"", ""model.layers.14"": ""1"", ""model.layers.15"": ""1"", ""model.layers.16"": ""1"", ""model.layers.17"": ""1"", ""model.layers.18"": ""1"", ""model.layers.19"": ""1"", ""model.layers.2"": ""0"", ""model.layers.20"": ""1"", ""model.layers.21"": ""1"", ""model.layers.22"": ""1"", ""model.layers.23"": ""1"", ""model.layers.24"": ""1"", ""model.layers.25"": ""1"", ""model.layers.26"": ""1"", ""model.layers.27"": ""1"", ""model.layers.28"": ""1"", ""model.layers.29"": ""1"", ""model.layers.3"": ""0"", ""model.layers.30"": ""1"", ""model.layers.31"": ""1"", ""model.layers.4"": ""0"", ""model.layers.5"": ""0"", ""model.layers.6"": ""0"", ""model.layers.7"": ""0"", ""model.layers.8"": ""0"", ""model.layers.9"": ""0"", ""model.norm"": ""1"", ""model.rotary_emb"": ""1""}",0.11205431199778104
multi_b775839ad4c9,0,meta-llama/Meta-Llama-3-8B-Instruct,hf_measured,vllm_local_prefix,1024,128,8,4,32,True,False,,0.059500452722953345,4389.039104132432,3.4064510847325433,4385.4764930476995,0.0,0.1024,0.05376,29.863484213797772,150994944,1751541336,0,0.96875,32,0,32,114.74361548572779,0.633106862787463,,,,,runs/stateful/full_paper/exp5_throughput_overhead_llama3_hf/hf_measurements/meta-llama_Meta-Llama-3-8B-Instruct/ctx1024_out128_s0/metrics.json,,,,,,,8,4,2,2,2,cuda,balanced,"{""lm_head"": ""1"", ""model.embed_tokens"": ""0"", ""model.layers.0"": ""0"", ""model.layers.1"": ""0"", ""model.layers.10"": ""0"", ""model.layers.11"": ""0"", ""model.layers.12"": ""0"", ""model.layers.13"": ""0"", ""model.layers.14"": ""1"", ""model.layers.15"": ""1"", ""model.layers.16"": ""1"", ""model.layers.17"": ""1"", ""model.layers.18"": ""1"", ""model.layers.19"": ""1"", ""model.layers.2"": ""0"", ""model.layers.20"": ""1"", ""model.layers.21"": ""1"", ""model.layers.22"": ""1"", ""model.layers.23"": ""1"", ""model.layers.24"": ""1"", ""model.layers.25"": ""1"", ""model.layers.26"": ""1"", ""model.layers.27"": ""1"", ""model.layers.28"": ""1"", ""model.layers.29"": ""1"", ""model.layers.3"": ""0"", ""model.layers.30"": ""1"", ""model.layers.31"": ""1"", ""model.layers.4"": ""0"", ""model.layers.5"": ""0"", ""model.layers.6"": ""0"", ""model.layers.7"": ""0"", ""model.layers.8"": ""0"", ""model.layers.9"": ""0"", ""model.norm"": ""1"", ""model.rotary_emb"": ""1""}",0.11205431199778104
multi_62444f20ec68,0,meta-llama/Meta-Llama-3-8B-Instruct,hf_measured,sglang_prefix,1024,128,8,4,32,True,False,,0.050816243543125306,4299.362856966955,3.227164185536094,4295.97697278142,0.0,0.1024,0.05632000000000001,30.486377717015156,150994944,1751541336,0,0.96875,32,0,32,114.74361548572779,0.633106862787463,,,,,runs/stateful/full_paper/exp5_throughput_overhead_llama3_hf/hf_measurements/meta-llama_Meta-Llama-3-8B-Instruct/ctx1024_out128_s0/metrics.json,,,,,,,8,4,2,2,2,cuda,balanced,"{""lm_head"": ""1"", ""model.embed_tokens"": ""0"", ""model.layers.0"": ""0"", ""model.layers.1"": ""0"", ""model.layers.10"": ""0"", ""model.layers.11"": ""0"", ""model.layers.12"": ""0"", ""model.layers.13"": ""0"", ""model.layers.14"": ""1"", ""model.layers.15"": ""1"", ""model.layers.16"": ""1"", ""model.layers.17"": ""1"", ""model.layers.18"": ""1"", ""model.layers.19"": ""1"", ""model.layers.2"": ""0"", ""model.layers.20"": ""1"", ""model.layers.21"": ""1"", ""model.layers.22"": ""1"", ""model.layers.23"": ""1"", ""model.layers.24"": ""1"", ""model.layers.25"": ""1"", ""model.layers.26"": ""1"", ""model.layers.27"": ""1"", ""model.layers.28"": ""1"", ""model.layers.29"": ""1"", ""model.layers.3"": ""0"", ""model.layers.30"": ""1"", ""model.layers.31"": ""1"", ""model.layers.4"": ""0"", ""model.layers.5"": ""0"", ""model.layers.6"": ""0"", ""model.layers.7"": ""0"", ""model.layers.8"": ""0"", ""model.layers.9"": ""0"", ""model.norm"": ""1"", ""model.rotary_emb"": ""1""}",0.11205431199778104
multi_6bff402186f5,0,meta-llama/Meta-Llama-3-8B-Instruct,hf_measured,kvcomm_prefix,1024,128,8,4,32,True,False,,0.07228982360269816,4516.406629648519,36.93310123446864,4474.976013313979,0.0,0.0,4.4975151000719515,29.021301833090355,150994944,1555247923,0,0.678125,32,0,32,114.74361548572779,36.93310123446864,,,,,runs/stateful/full_paper/exp5_throughput_overhead_llama3_hf/hf_measurements/meta-llama_Meta-Llama-3-8B-Instruct/ctx1024_out128_s0/metrics.json,False,measured_profile_simulation,,https://github.com/FastMAS/KVCOMM,4.446315100071952,0.7,8,4,2,2,2,cuda,balanced,"{""lm_head"": ""1"", ""model.embed_tokens"": ""0"", ""model.layers.0"": ""0"", ""model.layers.1"": ""0"", ""model.layers.10"": ""0"", ""model.layers.11"": ""0"", ""model.layers.12"": ""0"", ""model.layers.13"": ""0"", ""model.layers.14"": ""1"", ""model.layers.15"": ""1"", ""model.layers.16"": ""1"", ""model.layers.17"": ""1"", ""model.layers.18"": ""1"", ""model.layers.19"": ""1"", ""model.layers.2"": ""0"", ""model.layers.20"": ""1"", ""model.layers.21"": ""1"", ""model.layers.22"": ""1"", ""model.layers.23"": ""1"", ""model.layers.24"": ""1"", ""model.layers.25"": ""1"", ""model.layers.26"": ""1"", ""model.layers.27"": ""1"", ""model.layers.28"": ""1"", ""model.layers.29"": ""1"", ""model.layers.3"": ""0"", ""model.layers.30"": ""1"", ""model.layers.31"": ""1"", ""model.layers.4"": ""0"", ""model.layers.5"": ""0"", ""model.layers.6"": ""0"", ""model.layers.7"": ""0"", ""model.layers.8"": ""0"", ""model.layers.9"": ""0"", ""model.norm"": ""1"", ""model.rotary_emb"": ""1""}",0.11205431199778104
multi_ca2bf6ae87da,0,meta-llama/Meta-Llama-3-8B-Instruct,hf_measured,distserve_style,1024,128,8,4,32,True,False,,0.0403811552834526,4484.756430675828,3.5857379839289933,4474.976013313979,6.04107937792,0.1024,0.0512,29.226113396808973,150994944,4982833152,149786984448,0.0,32,992,32,114.74361548572779,0.633106862787463,,,,,runs/stateful/full_paper/exp5_throughput_overhead_llama3_hf/hf_measurements/meta-llama_Meta-Llama-3-8B-Instruct/ctx1024_out128_s0/metrics.json,,,,,,,8,4,2,2,2,cuda,balanced,"{""lm_head"": ""1"", ""model.embed_tokens"": ""0"", ""model.layers.0"": ""0"", ""model.layers.1"": ""0"", ""model.layers.10"": ""0"", ""model.layers.11"": ""0"", ""model.layers.12"": ""0"", ""model.layers.13"": ""0"", ""model.layers.14"": ""1"", ""model.layers.15"": ""1"", ""model.layers.16"": ""1"", ""model.layers.17"": ""1"", ""model.layers.18"": ""1"", ""model.layers.19"": ""1"", ""model.layers.2"": ""0"", ""model.layers.20"": ""1"", ""model.layers.21"": ""1"", ""model.layers.22"": ""1"", ""model.layers.23"": ""1"", ""model.layers.24"": ""1"", ""model.layers.25"": ""1"", ""model.layers.26"": ""1"", ""model.layers.27"": ""1"", ""model.layers.28"": ""1"", ""model.layers.29"": ""1"", ""model.layers.3"": ""0"", ""model.layers.30"": ""1"", ""model.layers.31"": ""1"", ""model.layers.4"": ""0"", ""model.layers.5"": ""0"", ""model.layers.6"": ""0"", ""model.layers.7"": ""0"", ""model.layers.8"": ""0"", ""model.layers.9"": ""0"", ""model.norm"": ""1"", ""model.rotary_emb"": ""1""}",0.11205431199778104
multi_8930b87f766a,0,meta-llama/Meta-Llama-3-8B-Instruct,hf_measured,AAFLOW+,1024,128,16,4,32,True,False,,0.0352473271634526,1119.701309044082,0.633106862787463,1118.7440033284947,0.2857988528,0.0256,0.0128,234.11957982240736,150994944,1577897127,53746649145,0.984375,1,2016,64,229.48723097145557,0.633106862787463,,,,,runs/stateful/full_paper/exp5_throughput_overhead_llama3_hf/hf_measurements/meta-llama_Meta-Llama-3-8B-Instruct/ctx1024_out128_s0/metrics.json,,,,,,,8,8,2,2,2,cuda,balanced,"{""lm_head"": ""1"", ""model.embed_tokens"": ""0"", ""model.layers.0"": ""0"", ""model.layers.1"": ""0"", ""model.layers.10"": ""0"", ""model.layers.11"": ""0"", ""model.layers.12"": ""0"", ""model.layers.13"": ""0"", ""model.layers.14"": ""1"", ""model.layers.15"": ""1"", ""model.layers.16"": ""1"", ""model.layers.17"": ""1"", ""model.layers.18"": ""1"", ""model.layers.19"": ""1"", ""model.layers.2"": ""0"", ""model.layers.20"": ""1"", ""model.layers.21"": ""1"", ""model.layers.22"": ""1"", ""model.layers.23"": ""1"", ""model.layers.24"": ""1"", ""model.layers.25"": ""1"", ""model.layers.26"": ""1"", ""model.layers.27"": ""1"", ""model.layers.28"": ""1"", ""model.layers.29"": ""1"", ""model.layers.3"": ""0"", ""model.layers.30"": ""1"", ""model.layers.31"": ""1"", ""model.layers.4"": ""0"", ""model.layers.5"": ""0"", ""model.layers.6"": ""0"", ""model.layers.7"": ""0"", ""model.layers.8"": ""0"", ""model.layers.9"": ""0"", ""model.norm"": ""1"", ""model.rotary_emb"": ""1""}",0.11205431199778104
multi_68074d960ef4,0,meta-llama/Meta-Llama-3-8B-Instruct,hf_measured,dense_prefill,1024,128,16,4,32,True,False,,0.14624566952123363,9179.541657599413,229.48723097145557,8949.952026627958,0.0,0.0,0.0032,28.55741711057876,150994944,9663676416,0,0.0,64,0,64,229.48723097145557,0.633106862787463,,,,,runs/stateful/full_paper/exp5_throughput_overhead_llama3_hf/hf_measurements/meta-llama_Meta-Llama-3-8B-Instruct/ctx1024_out128_s0/metrics.json,,,,,,,8,8,2,2,2,cuda,balanced,"{""lm_head"": ""1"", ""model.embed_tokens"": ""0"", ""model.layers.0"": ""0"", ""model.layers.1"": ""0"", ""model.layers.10"": ""0"", ""model.layers.11"": ""0"", ""model.layers.12"": ""0"", ""model.layers.13"": ""0"", ""model.layers.14"": ""1"", ""model.layers.15"": ""1"", ""model.layers.16"": ""1"", ""model.layers.17"": ""1"", ""model.layers.18"": ""1"", ""model.layers.19"": ""1"", ""model.layers.2"": ""0"", ""model.layers.20"": ""1"", ""model.layers.21"": ""1"", ""model.layers.22"": ""1"", ""model.layers.23"": ""1"", ""model.layers.24"": ""1"", ""model.layers.25"": ""1"", ""model.layers.26"": ""1"", ""model.layers.27"": ""1"", ""model.layers.28"": ""1"", ""model.layers.29"": ""1"", ""model.layers.3"": ""0"", ""model.layers.30"": ""1"", ""model.layers.31"": ""1"", ""model.layers.4"": ""0"", ""model.layers.5"": ""0"", ""model.layers.6"": ""0"", ""model.layers.7"": ""0"", ""model.layers.8"": ""0"", ""model.layers.9"": ""0"", ""model.norm"": ""1"", ""model.rotary_emb"": ""1""}",0.11205431199778104
multi_293ef7614700,0,meta-llama/Meta-Llama-3-8B-Instruct,hf_measured,aaflow_text,1024,128,16,4,32,True,False,,0.14848675576118925,9184.131402218842,229.48723097145557,8949.952026627958,0.0,0.0,4.692144619429111,28.543145619265342,150994944,10436770529,0,0.0,2048,0,64,229.48723097145557,0.633106862787463,,,,,runs/stateful/full_paper/exp5_throughput_overhead_llama3_hf/hf_measurements/meta-llama_Meta-Llama-3-8B-Instruct/ctx1024_out128_s0/metrics.json,,,,,,,8,8,2,2,2,cuda,balanced,"{""lm_head"": ""1"", ""model.embed_tokens"": ""0"", ""model.layers.0"": ""0"", ""model.layers.1"": ""0"", ""model.layers.10"": ""0"", ""model.layers.11"": ""0"", ""model.layers.12"": ""0"", ""model.layers.13"": ""0"", ""model.layers.14"": ""1"", ""model.layers.15"": ""1"", ""model.layers.16"": ""1"", ""model.layers.17"": ""1"", ""model.layers.18"": ""1"", ""model.layers.19"": ""1"", ""model.layers.2"": ""0"", ""model.layers.20"": ""1"", ""model.layers.21"": ""1"", ""model.layers.22"": ""1"", ""model.layers.23"": ""1"", ""model.layers.24"": ""1"", ""model.layers.25"": ""1"", ""model.layers.26"": ""1"", ""model.layers.27"": ""1"", ""model.layers.28"": ""1"", ""model.layers.29"": ""1"", ""model.layers.3"": ""0"", ""model.layers.30"": ""1"", ""model.layers.31"": ""1"", ""model.layers.4"": ""0"", ""model.layers.5"": ""0"", ""model.layers.6"": ""0"", ""model.layers.7"": ""0"", ""model.layers.8"": ""0"", ""model.layers.9"": ""0"", ""model.norm"": ""1"", ""model.rotary_emb"": ""1""}",0.11205431199778104
multi_cb89a0a69448,0,meta-llama/Meta-Llama-3-8B-Instruct,hf_measured,vllm_local_prefix,1024,128,16,4,32,True,False,,0.058101336322981076,8774.671757180131,3.4064510847325433,8770.952986095399,0.0,0.2048,0.10752,29.875077638715435,150994944,3503082672,0,0.984375,32,0,64,229.48723097145557,0.633106862787463,,,,,runs/stateful/full_paper/exp5_throughput_overhead_llama3_hf/hf_measurements/meta-llama_Meta-Llama-3-8B-Instruct/ctx1024_out128_s0/metrics.json,,,,,,,8,8,2,2,2,cuda,balanced,"{""lm_head"": ""1"", ""model.embed_tokens"": ""0"", ""model.layers.0"": ""0"", ""model.layers.1"": ""0"", ""model.layers.10"": ""0"", ""model.layers.11"": ""0"", ""model.layers.12"": ""0"", ""model.layers.13"": ""0"", ""model.layers.14"": ""1"", ""model.layers.15"": ""1"", ""model.layers.16"": ""1"", ""model.layers.17"": ""1"", ""model.layers.18"": ""1"", ""model.layers.19"": ""1"", ""model.layers.2"": ""0"", ""model.layers.20"": ""1"", ""model.layers.21"": ""1"", ""model.layers.22"": ""1"", ""model.layers.23"": ""1"", ""model.layers.24"": ""1"", ""model.layers.25"": ""1"", ""model.layers.26"": ""1"", ""model.layers.27"": ""1"", ""model.layers.28"": ""1"", ""model.layers.29"": ""1"", ""model.layers.3"": ""0"", ""model.layers.30"": ""1"", ""model.layers.31"": ""1"", ""model.layers.4"": ""0"", ""model.layers.5"": ""0"", ""model.layers.6"": ""0"", ""model.layers.7"": ""0"", ""model.layers.8"": ""0"", ""model.layers.9"": ""0"", ""model.norm"": ""1"", ""model.rotary_emb"": ""1""}",0.11205431199778104
multi_5134b79cf8bb,0,meta-llama/Meta-Llama-3-8B-Instruct,hf_measured,sglang_prefix,1024,128,16,4,32,True,False,,0.04927705925315581,8595.498549748376,3.227164185536094,8591.95394556284,0.0,0.2048,0.11264000000000002,30.497823771685006,150994944,3503082672,0,0.984375,32,0,64,229.48723097145557,0.633106862787463,,,,,runs/stateful/full_paper/exp5_throughput_overhead_llama3_hf/hf_measurements/meta-llama_Meta-Llama-3-8B-Instruct/ctx1024_out128_s0/metrics.json,,,,,,,8,8,2,2,2,cuda,balanced,"{""lm_head"": ""1"", ""model.embed_tokens"": ""0"", ""model.layers.0"": ""0"", ""model.layers.1"": ""0"", ""model.layers.10"": ""0"", ""model.layers.11"": ""0"", ""model.layers.12"": ""0"", ""model.layers.13"": ""0"", ""model.layers.14"": ""1"", ""model.layers.15"": ""1"", ""model.layers.16"": ""1"", ""model.layers.17"": ""1"", ""model.layers.18"": ""1"", ""model.layers.19"": ""1"", ""model.layers.2"": ""0"", ""model.layers.20"": ""1"", ""model.layers.21"": ""1"", ""model.layers.22"": ""1"", ""model.layers.23"": ""1"", ""model.layers.24"": ""1"", ""model.layers.25"": ""1"", ""model.layers.26"": ""1"", ""model.layers.27"": ""1"", ""model.layers.28"": ""1"", ""model.layers.29"": ""1"", ""model.layers.3"": ""0"", ""model.layers.30"": ""1"", ""model.layers.31"": ""1"", ""model.layers.4"": ""0"", ""model.layers.5"": ""0"", ""model.layers.6"": ""0"", ""model.layers.7"": ""0"", ""model.layers.8"": ""0"", ""model.layers.9"": ""0"", ""model.norm"": ""1"", ""model.rotary_emb"": ""1""}",0.11205431199778104
multi_0c0e9e35d6d8,0,meta-llama/Meta-Llama-3-8B-Instruct,hf_measured,kvcomm_prefix,1024,128,16,4,32,True,False,,0.07228982360269816,9030.446672227647,71.35618588018698,8949.952026627958,0.0,0.0,9.138459719501062,29.028907374670744,150994944,3004799385,0,0.6890624999999999,32,0,64,229.48723097145557,71.35618588018698,,,,,runs/stateful/full_paper/exp5_throughput_overhead_llama3_hf/hf_measurements/meta-llama_Meta-Llama-3-8B-Instruct/ctx1024_out128_s0/metrics.json,False,measured_profile_simulation,,https://github.com/FastMAS/KVCOMM,9.036059719501063,0.7,8,8,2,2,2,cuda,balanced,"{""lm_head"": ""1"", ""model.embed_tokens"": ""0"", ""model.layers.0"": ""0"", ""model.layers.1"": ""0"", ""model.layers.10"": ""0"", ""model.layers.11"": ""0"", ""model.layers.12"": ""0"", ""model.layers.13"": ""0"", ""model.layers.14"": ""1"", ""model.layers.15"": ""1"", ""model.layers.16"": ""1"", ""model.layers.17"": ""1"", ""model.layers.18"": ""1"", ""model.layers.19"": ""1"", ""model.layers.2"": ""0"", ""model.layers.20"": ""1"", ""model.layers.21"": ""1"", ""model.layers.22"": ""1"", ""model.layers.23"": ""1"", ""model.layers.24"": ""1"", ""model.layers.25"": ""1"", ""model.layers.26"": ""1"", ""model.layers.27"": ""1"", ""model.layers.28"": ""1"", ""model.layers.29"": ""1"", ""model.layers.3"": ""0"", ""model.layers.30"": ""1"", ""model.layers.31"": ""1"", ""model.layers.4"": ""0"", ""model.layers.5"": ""0"", ""model.layers.6"": ""0"", ""model.layers.7"": ""0"", ""model.layers.8"": ""0"", ""model.layers.9"": ""0"", ""model.norm"": ""1"", ""model.rotary_emb"": ""1""}",0.11205431199778104
multi_0864a948e6cd,0,meta-llama/Meta-Llama-3-8B-Instruct,hf_measured,distserve_style,1024,128,16,4,32,True,False,,0.0403811552834526,8966.121996896047,3.5857379839289933,8949.952026627958,12.277032284159999,0.2048,0.1024,29.237166312342257,150994944,9814671360,304405807104,0.0,32,2016,64,229.48723097145557,0.633106862787463,,,,,runs/stateful/full_paper/exp5_throughput_overhead_llama3_hf/hf_measurements/meta-llama_Meta-Llama-3-8B-Instruct/ctx1024_out128_s0/metrics.json,,,,,,,8,8,2,2,2,cuda,balanced,"{""lm_head"": ""1"", ""model.embed_tokens"": ""0"", ""model.layers.0"": ""0"", ""model.layers.1"": ""0"", ""model.layers.10"": ""0"", ""model.layers.11"": ""0"", ""model.layers.12"": ""0"", ""model.layers.13"": ""0"", ""model.layers.14"": ""1"", ""model.layers.15"": ""1"", ""model.layers.16"": ""1"", ""model.layers.17"": ""1"", ""model.layers.18"": ""1"", ""model.layers.19"": ""1"", ""model.layers.2"": ""0"", ""model.layers.20"": ""1"", ""model.layers.21"": ""1"", ""model.layers.22"": ""1"", ""model.layers.23"": ""1"", ""model.layers.24"": ""1"", ""model.layers.25"": ""1"", ""model.layers.26"": ""1"", ""model.layers.27"": ""1"", ""model.layers.28"": ""1"", ""model.layers.29"": ""1"", ""model.layers.3"": ""0"", ""model.layers.30"": ""1"", ""model.layers.31"": ""1"", ""model.layers.4"": ""0"", ""model.layers.5"": ""0"", ""model.layers.6"": ""0"", ""model.layers.7"": ""0"", ""model.layers.8"": ""0"", ""model.layers.9"": ""0"", ""model.norm"": ""1"", ""model.rotary_emb"": ""1""}",0.11205431199778104
multi_de3d312b3c0b,0,meta-llama/Meta-Llama-3-8B-Instruct,hf_measured,AAFLOW+,4096,64,4,4,32,True,False,,0.03729716851062546,141.02833376505288,2.2193722060110304,138.54970425600186,0.24965730304,0.0064,0.0032,232.3504725978687,545259520,1772093440,46210744320,0.9375,1,480,16,201.11833088099957,2.2193722060110304,,,,,runs/stateful/full_paper/exp5_throughput_overhead_llama3_hf/hf_measurements/meta-llama_Meta-Llama-3-8B-Instruct/ctx4096_out64_s0/metrics.json,,,,,,,8,2,2,2,2,cuda,balanced,"{""lm_head"": ""1"", ""model.embed_tokens"": ""0"", ""model.layers.0"": ""0"", ""model.layers.1"": ""0"", ""model.layers.10"": ""0"", ""model.layers.11"": ""0"", ""model.layers.12"": ""0"", ""model.layers.13"": ""0"", ""model.layers.14"": ""1"", ""model.layers.15"": ""1"", ""model.layers.16"": ""1"", ""model.layers.17"": ""1"", ""model.layers.18"": ""1"", ""model.layers.19"": ""1"", ""model.layers.2"": ""0"", ""model.layers.20"": ""1"", ""model.layers.21"": ""1"", ""model.layers.22"": ""1"", ""model.layers.23"": ""1"", ""model.layers.24"": ""1"", ""model.layers.25"": ""1"", ""model.layers.26"": ""1"", ""model.layers.27"": ""1"", ""model.layers.28"": ""1"", ""model.layers.29"": ""1"", ""model.layers.3"": ""0"", ""model.layers.30"": ""1"", ""model.layers.31"": ""1"", ""model.layers.4"": ""0"", ""model.layers.5"": ""0"", ""model.layers.6"": ""0"", ""model.layers.7"": ""0"", ""model.layers.8"": ""0"", ""model.layers.9"": ""0"", ""model.norm"": ""1"", ""model.rotary_emb"": ""1""}",0.3928092400019523
multi_2296ff8a9d71,0,meta-llama/Meta-Llama-3-8B-Instruct,hf_measured,dense_prefill,4096,64,4,4,32,True,False,,0.4266848513925777,1309.5415649290144,201.11833088099957,1108.3976340480149,0.0,0.0,0.0008,25.022497091779012,545259520,8724152320,0,0.0,16,0,16,201.11833088099957,2.2193722060110304,,,,,runs/stateful/full_paper/exp5_throughput_overhead_llama3_hf/hf_measurements/meta-llama_Meta-Llama-3-8B-Instruct/ctx4096_out64_s0/metrics.json,,,,,,,8,2,2,2,2,cuda,balanced,"{""lm_head"": ""1"", ""model.embed_tokens"": ""0"", ""model.layers.0"": ""0"", ""model.layers.1"": ""0"", ""model.layers.10"": ""0"", ""model.layers.11"": ""0"", ""model.layers.12"": ""0"", ""model.layers.13"": ""0"", ""model.layers.14"": ""1"", ""model.layers.15"": ""1"", ""model.layers.16"": ""1"", ""model.layers.17"": ""1"", ""model.layers.18"": ""1"", ""model.layers.19"": ""1"", ""model.layers.2"": ""0"", ""model.layers.20"": ""1"", ""model.layers.21"": ""1"", ""model.layers.22"": ""1"", ""model.layers.23"": ""1"", ""model.layers.24"": ""1"", ""model.layers.25"": ""1"", ""model.layers.26"": ""1"", ""model.layers.27"": ""1"", ""model.layers.28"": ""1"", ""model.layers.29"": ""1"", ""model.layers.3"": ""0"", ""model.layers.30"": ""1"", ""model.layers.31"": ""1"", ""model.layers.4"": ""0"", ""model.layers.5"": ""0"", ""model.layers.6"": ""0"", ""model.layers.7"": ""0"", ""model.layers.8"": ""0"", ""model.layers.9"": ""0"", ""model.norm"": ""1"", ""model.rotary_emb"": ""1""}",0.3928092400019523
multi_032cb29a4547,0,meta-llama/Meta-Llama-3-8B-Instruct,hf_measured,aaflow_text,4096,64,4,4,32,True,False,,0.43454103619261675,1313.5639315466344,201.11833088099957,1108.3976340480149,0.0,0.0,4.047966617619991,24.945873750825246,545259520,9422084505,0,0.0,512,0,16,201.11833088099957,2.2193722060110304,,,,,runs/stateful/full_paper/exp5_throughput_overhead_llama3_hf/hf_measurements/meta-llama_Meta-Llama-3-8B-Instruct/ctx4096_out64_s0/metrics.json,,,,,,,8,2,2,2,2,cuda,balanced,"{""lm_head"": ""1"", ""model.embed_tokens"": ""0"", ""model.layers.0"": ""0"", ""model.layers.1"": ""0"", ""model.layers.10"": ""0"", ""model.layers.11"": ""0"", ""model.layers.12"": ""0"", ""model.layers.13"": ""0"", ""model.layers.14"": ""1"", ""model.layers.15"": ""1"", ""model.layers.16"": ""1"", ""model.layers.17"": ""1"", ""model.layers.18"": ""1"", ""model.layers.19"": ""1"", ""model.layers.2"": ""0"", ""model.layers.20"": ""1"", ""model.layers.21"": ""1"", ""model.layers.22"": ""1"", ""model.layers.23"": ""1"", ""model.layers.24"": ""1"", ""model.layers.25"": ""1"", ""model.layers.26"": ""1"", ""model.layers.27"": ""1"", ""model.layers.28"": ""1"", ""model.layers.29"": ""1"", ""model.layers.3"": ""0"", ""model.layers.30"": ""1"", ""model.layers.31"": ""1"", ""model.layers.4"": ""0"", ""model.layers.5"": ""0"", ""model.layers.6"": ""0"", ""model.layers.7"": ""0"", ""model.layers.8"": ""0"", ""model.layers.9"": ""0"", ""model.norm"": ""1"", ""model.rotary_emb"": ""1""}",0.3928092400019523
multi_c686e9dfaf29,0,meta-llama/Meta-Llama-3-8B-Instruct,hf_measured,vllm_local_prefix,4096,64,4,4,32,True,False,,0.13217167139111352,1098.249162263114,11.94140089605935,1086.2296813670546,0.0,0.0512,0.02688,29.836580919830997,545259520,3162505216,0,0.9375,32,0,16,201.11833088099957,2.2193722060110304,,,,,runs/stateful/full_paper/exp5_throughput_overhead_llama3_hf/hf_measurements/meta-llama_Meta-Llama-3-8B-Instruct/ctx4096_out64_s0/metrics.json,,,,,,,8,2,2,2,2,cuda,balanced,"{""lm_head"": ""1"", ""model.embed_tokens"": ""0"", ""model.layers.0"": ""0"", ""model.layers.1"": ""0"", ""model.layers.10"": ""0"", ""model.layers.11"": ""0"", ""model.layers.12"": ""0"", ""model.layers.13"": ""0"", ""model.layers.14"": ""1"", ""model.layers.15"": ""1"", ""model.layers.16"": ""1"", ""model.layers.17"": ""1"", ""model.layers.18"": ""1"", ""model.layers.19"": ""1"", ""model.layers.2"": ""0"", ""model.layers.20"": ""1"", ""model.layers.21"": ""1"", ""model.layers.22"": ""1"", ""model.layers.23"": ""1"", ""model.layers.24"": ""1"", ""model.layers.25"": ""1"", ""model.layers.26"": ""1"", ""model.layers.27"": ""1"", ""model.layers.28"": ""1"", ""model.layers.29"": ""1"", ""model.layers.3"": ""0"", ""model.layers.30"": ""1"", ""model.layers.31"": ""1"", ""model.layers.4"": ""0"", ""model.layers.5"": ""0"", ""model.layers.6"": ""0"", ""model.layers.7"": ""0"", ""model.layers.8"": ""0"", ""model.layers.9"": ""0"", ""model.norm"": ""1"", ""model.rotary_emb"": ""1""}",0.3928092400019523
multi_9331d3af6aa8,0,meta-llama/Meta-Llama-3-8B-Instruct,hf_measured,sglang_prefix,4096,64,4,4,32,True,False,,0.1027109783909671,1075.4539947981507,11.312906112056226,1064.0617286860943,0.0,0.0512,0.028160000000000004,30.468992777464315,545259520,3162505216,0,0.9375,32,0,16,201.11833088099957,2.2193722060110304,,,,,runs/stateful/full_paper/exp5_throughput_overhead_llama3_hf/hf_measurements/meta-llama_Meta-Llama-3-8B-Instruct/ctx4096_out64_s0/metrics.json,,,,,,,8,2,2,2,2,cuda,balanced,"{""lm_head"": ""1"", ""model.embed_tokens"": ""0"", ""model.layers.0"": ""0"", ""model.layers.1"": ""0"", ""model.layers.10"": ""0"", ""model.layers.11"": ""0"", ""model.layers.12"": ""0"", ""model.layers.13"": ""0"", ""model.layers.14"": ""1"", ""model.layers.15"": ""1"", ""model.layers.16"": ""1"", ""model.layers.17"": ""1"", ""model.layers.18"": ""1"", ""model.layers.19"": ""1"", ""model.layers.2"": ""0"", ""model.layers.20"": ""1"", ""model.layers.21"": ""1"", ""model.layers.22"": ""1"", ""model.layers.23"": ""1"", ""model.layers.24"": ""1"", ""model.layers.25"": ""1"", ""model.layers.26"": ""1"", ""model.layers.27"": ""1"", ""model.layers.28"": ""1"", ""model.layers.29"": ""1"", ""model.layers.3"": ""0"", ""model.layers.30"": ""1"", ""model.layers.31"": ""1"", ""model.layers.4"": ""0"", ""model.layers.5"": ""0"", ""model.layers.6"": ""0"", ""model.layers.7"": ""0"", ""model.layers.8"": ""0"", ""model.layers.9"": ""0"", ""model.norm"": ""1"", ""model.rotary_emb"": ""1""}",0.3928092400019523
multi_578e4d69f6e6,0,meta-llama/Meta-Llama-3-8B-Instruct,hf_measured,kvcomm_prefix,4096,64,4,4,32,True,False,,0.16743075299128923,1185.099597696396,69.1344262403436,1108.3976340480149,0.0,0.0,7.5675374080374835,27.64999672913116,545259520,2998927360,0,0.65625,32,0,16,201.11833088099957,69.1344262403436,,,,,runs/stateful/full_paper/exp5_throughput_overhead_llama3_hf/hf_measurements/meta-llama_Meta-Llama-3-8B-Instruct/ctx4096_out64_s0/metrics.json,False,measured_profile_simulation,,https://github.com/FastMAS/KVCOMM,7.541937408037484,0.7,8,2,2,2,2,cuda,balanced,"{""lm_head"": ""1"", ""model.embed_tokens"": ""0"", ""model.layers.0"": ""0"", ""model.layers.1"": ""0"", ""model.layers.10"": ""0"", ""model.layers.11"": ""0"", ""model.layers.12"": ""0"", ""model.layers.13"": ""0"", ""model.layers.14"": ""1"", ""model.layers.15"": ""1"", ""model.layers.16"": ""1"", ""model.layers.17"": ""1"", ""model.layers.18"": ""1"", ""model.layers.19"": ""1"", ""model.layers.2"": ""0"", ""model.layers.20"": ""1"", ""model.layers.21"": ""1"", ""model.layers.22"": ""1"", ""model.layers.23"": ""1"", ""model.layers.24"": ""1"", ""model.layers.25"": ""1"", ""model.layers.26"": ""1"", ""model.layers.27"": ""1"", ""model.layers.28"": ""1"", ""model.layers.29"": ""1"", ""model.layers.3"": ""0"", ""model.layers.30"": ""1"", ""model.layers.31"": ""1"", ""model.layers.4"": ""0"", ""model.layers.5"": ""0"", ""model.layers.6"": ""0"", ""model.layers.7"": ""0"", ""model.layers.8"": ""0"", ""model.layers.9"": ""0"", ""model.norm"": ""1"", ""model.rotary_emb"": ""1""}",0.3928092400019523
multi_82ff6fc7af5e,0,meta-llama/Meta-Llama-3-8B-Instruct,hf_measured,distserve_style,4096,64,4,4,32,True,False,,0.055835992190625454,1131.5373125120775,12.569895680062473,1108.3976340480149,10.492982784,0.0512,0.0256,28.958832941401788,545259520,9269411840,261724569600,0.0,32,480,16,201.11833088099957,2.2193722060110304,,,,,runs/stateful/full_paper/exp5_throughput_overhead_llama3_hf/hf_measurements/meta-llama_Meta-Llama-3-8B-Instruct/ctx4096_out64_s0/metrics.json,,,,,,,8,2,2,2,2,cuda,balanced,"{""lm_head"": ""1"", ""model.embed_tokens"": ""0"", ""model.layers.0"": ""0"", ""model.layers.1"": ""0"", ""model.layers.10"": ""0"", ""model.layers.11"": ""0"", ""model.layers.12"": ""0"", ""model.layers.13"": ""0"", ""model.layers.14"": ""1"", ""model.layers.15"": ""1"", ""model.layers.16"": ""1"", ""model.layers.17"": ""1"", ""model.layers.18"": ""1"", ""model.layers.19"": ""1"", ""model.layers.2"": ""0"", ""model.layers.20"": ""1"", ""model.layers.21"": ""1"", ""model.layers.22"": ""1"", ""model.layers.23"": ""1"", ""model.layers.24"": ""1"", ""model.layers.25"": ""1"", ""model.layers.26"": ""1"", ""model.layers.27"": ""1"", ""model.layers.28"": ""1"", ""model.layers.29"": ""1"", ""model.layers.3"": ""0"", ""model.layers.30"": ""1"", ""model.layers.31"": ""1"", ""model.layers.4"": ""0"", ""model.layers.5"": ""0"", ""model.layers.6"": ""0"", ""model.layers.7"": ""0"", ""model.layers.8"": ""0"", ""model.layers.9"": ""0"", ""model.norm"": ""1"", ""model.rotary_emb"": ""1""}",0.3928092400019523
multi_77172cde68f7,0,meta-llama/Meta-Llama-3-8B-Instruct,hf_measured,AAFLOW+,4096,64,8,4,32,True,False,,0.03729716851062546,279.8372953240947,2.2193722060110304,277.0994085120037,0.49931460608,0.0128,0.0064,234.1932297626705,545259520,3080716288,95502204928,0.96875,1,992,32,402.23666176199913,2.2193722060110304,,,,,runs/stateful/full_paper/exp5_throughput_overhead_llama3_hf/hf_measurements/meta-llama_Meta-Llama-3-8B-Instruct/ctx4096_out64_s0/metrics.json,,,,,,,8,4,2,2,2,cuda,balanced,"{""lm_head"": ""1"", ""model.embed_tokens"": ""0"", ""model.layers.0"": ""0"", ""model.layers.1"": ""0"", ""model.layers.10"": ""0"", ""model.layers.11"": ""0"", ""model.layers.12"": ""0"", ""model.layers.13"": ""0"", ""model.layers.14"": ""1"", ""model.layers.15"": ""1"", ""model.layers.16"": ""1"", ""model.layers.17"": ""1"", ""model.layers.18"": ""1"", ""model.layers.19"": ""1"", ""model.layers.2"": ""0"", ""model.layers.20"": ""1"", ""model.layers.21"": ""1"", ""model.layers.22"": ""1"", ""model.layers.23"": ""1"", ""model.layers.24"": ""1"", ""model.layers.25"": ""1"", ""model.layers.26"": ""1"", ""model.layers.27"": ""1"", ""model.layers.28"": ""1"", ""model.layers.29"": ""1"", ""model.layers.3"": ""0"", ""model.layers.30"": ""1"", ""model.layers.31"": ""1"", ""model.layers.4"": ""0"", ""model.layers.5"": ""0"", ""model.layers.6"": ""0"", ""model.layers.7"": ""0"", ""model.layers.8"": ""0"", ""model.layers.9"": ""0"", ""model.norm"": ""1"", ""model.rotary_emb"": ""1""}",0.3928092400019523
multi_c79ef950a518,0,meta-llama/Meta-Llama-3-8B-Instruct,hf_measured,dense_prefill,4096,64,8,4,32,True,False,,0.4266848513925777,2619.0831298580288,402.23666176199913,2216.7952680960298,0.0,0.0,0.0016,25.022497091779012,545259520,17448304640,0,0.0,32,0,32,402.23666176199913,2.2193722060110304,,,,,runs/stateful/full_paper/exp5_throughput_overhead_llama3_hf/hf_measurements/meta-llama_Meta-Llama-3-8B-Instruct/ctx4096_out64_s0/metrics.json,,,,,,,8,4,2,2,2,cuda,balanced,"{""lm_head"": ""1"", ""model.embed_tokens"": ""0"", ""model.layers.0"": ""0"", ""model.layers.1"": ""0"", ""model.layers.10"": ""0"", ""model.layers.11"": ""0"", ""model.layers.12"": ""0"", ""model.layers.13"": ""0"", ""model.layers.14"": ""1"", ""model.layers.15"": ""1"", ""model.layers.16"": ""1"", ""model.layers.17"": ""1"", ""model.layers.18"": ""1"", ""model.layers.19"": ""1"", ""model.layers.2"": ""0"", ""model.layers.20"": ""1"", ""model.layers.21"": ""1"", ""model.layers.22"": ""1"", ""model.layers.23"": ""1"", ""model.layers.24"": ""1"", ""model.layers.25"": ""1"", ""model.layers.26"": ""1"", ""model.layers.27"": ""1"", ""model.layers.28"": ""1"", ""model.layers.29"": ""1"", ""model.layers.3"": ""0"", ""model.layers.30"": ""1"", ""model.layers.31"": ""1"", ""model.layers.4"": ""0"", ""model.layers.5"": ""0"", ""model.layers.6"": ""0"", ""model.layers.7"": ""0"", ""model.layers.8"": ""0"", ""model.layers.9"": ""0"", ""model.norm"": ""1"", ""model.rotary_emb"": ""1""}",0.3928092400019523
multi_9d810434ed7f,0,meta-llama/Meta-Llama-3-8B-Instruct,hf_measured,aaflow_text,4096,64,8,4,32,True,False,,0.43454103619261675,2627.127863093269,402.23666176199913,2216.7952680960298,0.0,0.0,8.095933235239983,24.945873750825246,545259520,18844169011,0,0.0,1024,0,32,402.23666176199913,2.2193722060110304,,,,,runs/stateful/full_paper/exp5_throughput_overhead_llama3_hf/hf_measurements/meta-llama_Meta-Llama-3-8B-Instruct/ctx4096_out64_s0/metrics.json,,,,,,,8,4,2,2,2,cuda,balanced,"{""lm_head"": ""1"", ""model.embed_tokens"": ""0"", ""model.layers.0"": ""0"", ""model.layers.1"": ""0"", ""model.layers.10"": ""0"", ""model.layers.11"": ""0"", ""model.layers.12"": ""0"", ""model.layers.13"": ""0"", ""model.layers.14"": ""1"", ""model.layers.15"": ""1"", ""model.layers.16"": ""1"", ""model.layers.17"": ""1"", ""model.layers.18"": ""1"", ""model.layers.19"": ""1"", ""model.layers.2"": ""0"", ""model.layers.20"": ""1"", ""model.layers.21"": ""1"", ""model.layers.22"": ""1"", ""model.layers.23"": ""1"", ""model.layers.24"": ""1"", ""model.layers.25"": ""1"", ""model.layers.26"": ""1"", ""model.layers.27"": ""1"", ""model.layers.28"": ""1"", ""model.layers.29"": ""1"", ""model.layers.3"": ""0"", ""model.layers.30"": ""1"", ""model.layers.31"": ""1"", ""model.layers.4"": ""0"", ""model.layers.5"": ""0"", ""model.layers.6"": ""0"", ""model.layers.7"": ""0"", ""model.layers.8"": ""0"", ""model.layers.9"": ""0"", ""model.norm"": ""1"", ""model.rotary_emb"": ""1""}",0.3928092400019523
multi_86f7c4611ca1,0,meta-llama/Meta-Llama-3-8B-Instruct,hf_measured,vllm_local_prefix,4096,64,8,4,32,True,False,,0.1223545653910647,2184.5569236301685,11.94140089605935,2172.459362734109,0.0,0.1024,0.05376,29.999676040071375,545259520,6325010432,0,0.96875,32,0,32,402.23666176199913,2.2193722060110304,,,,,runs/stateful/full_paper/exp5_throughput_overhead_llama3_hf/hf_measurements/meta-llama_Meta-Llama-3-8B-Instruct/ctx4096_out64_s0/metrics.json,,,,,,,8,4,2,2,2,cuda,balanced,"{""lm_head"": ""1"", ""model.embed_tokens"": ""0"", ""model.layers.0"": ""0"", ""model.layers.1"": ""0"", ""model.layers.10"": ""0"", ""model.layers.11"": ""0"", ""model.layers.12"": ""0"", ""model.layers.13"": ""0"", ""model.layers.14"": ""1"", ""model.layers.15"": ""1"", ""model.layers.16"": ""1"", ""model.layers.17"": ""1"", ""model.layers.18"": ""1"", ""model.layers.19"": ""1"", ""model.layers.2"": ""0"", ""model.layers.20"": ""1"", ""model.layers.21"": ""1"", ""model.layers.22"": ""1"", ""model.layers.23"": ""1"", ""model.layers.24"": ""1"", ""model.layers.25"": ""1"", ""model.layers.26"": ""1"", ""model.layers.27"": ""1"", ""model.layers.28"": ""1"", ""model.layers.29"": ""1"", ""model.layers.3"": ""0"", ""model.layers.30"": ""1"", ""model.layers.31"": ""1"", ""model.layers.4"": ""0"", ""model.layers.5"": ""0"", ""model.layers.6"": ""0"", ""model.layers.7"": ""0"", ""model.layers.8"": ""0"", ""model.layers.9"": ""0"", ""model.norm"": ""1"", ""model.rotary_emb"": ""1""}",0.3928092400019523
multi_ab323326461d,0,meta-llama/Meta-Llama-3-8B-Instruct,hf_measured,sglang_prefix,4096,64,8,4,32,True,False,,0.0919118492909134,2139.595083484245,11.312906112056226,2128.1234573721886,0.0,0.1024,0.05632000000000001,30.63009468748509,545259520,6325010432,0,0.96875,32,0,32,402.23666176199913,2.2193722060110304,,,,,runs/stateful/full_paper/exp5_throughput_overhead_llama3_hf/hf_measurements/meta-llama_Meta-Llama-3-8B-Instruct/ctx4096_out64_s0/metrics.json,,,,,,,8,4,2,2,2,cuda,balanced,"{""lm_head"": ""1"", ""model.embed_tokens"": ""0"", ""model.layers.0"": ""0"", ""model.layers.1"": ""0"", ""model.layers.10"": ""0"", ""model.layers.11"": ""0"", ""model.layers.12"": ""0"", ""model.layers.13"": ""0"", ""model.layers.14"": ""1"", ""model.layers.15"": ""1"", ""model.layers.16"": ""1"", ""model.layers.17"": ""1"", ""model.layers.18"": ""1"", ""model.layers.19"": ""1"", ""model.layers.2"": ""0"", ""model.layers.20"": ""1"", ""model.layers.21"": ""1"", ""model.layers.22"": ""1"", ""model.layers.23"": ""1"", ""model.layers.24"": ""1"", ""model.layers.25"": ""1"", ""model.layers.26"": ""1"", ""model.layers.27"": ""1"", ""model.layers.28"": ""1"", ""model.layers.29"": ""1"", ""model.layers.3"": ""0"", ""model.layers.30"": ""1"", ""model.layers.31"": ""1"", ""model.layers.4"": ""0"", ""model.layers.5"": ""0"", ""model.layers.6"": ""0"", ""model.layers.7"": ""0"", ""model.layers.8"": ""0"", ""model.layers.9"": ""0"", ""model.norm"": ""1"", ""model.rotary_emb"": ""1""}",0.3928092400019523
multi_f99d5aa113c5,0,meta-llama/Meta-Llama-3-8B-Instruct,hf_measured,kvcomm_prefix,4096,64,8,4,32,True,False,,0.16743075299128923,2361.9030642439507,129.46992550464347,2216.7952680960298,0.0,0.0,15.637870643277466,27.747116717924317,545259520,5616173056,0,0.678125,32,0,32,402.23666176199913,129.46992550464347,,,,,runs/stateful/full_paper/exp5_throughput_overhead_llama3_hf/hf_measurements/meta-llama_Meta-Llama-3-8B-Instruct/ctx4096_out64_s0/metrics.json,False,measured_profile_simulation,,https://github.com/FastMAS/KVCOMM,15.586670643277467,0.7,8,4,2,2,2,cuda,balanced,"{""lm_head"": ""1"", ""model.embed_tokens"": ""0"", ""model.layers.0"": ""0"", ""model.layers.1"": ""0"", ""model.layers.10"": ""0"", ""model.layers.11"": ""0"", ""model.layers.12"": ""0"", ""model.layers.13"": ""0"", ""model.layers.14"": ""1"", ""model.layers.15"": ""1"", ""model.layers.16"": ""1"", ""model.layers.17"": ""1"", ""model.layers.18"": ""1"", ""model.layers.19"": ""1"", ""model.layers.2"": ""0"", ""model.layers.20"": ""1"", ""model.layers.21"": ""1"", ""model.layers.22"": ""1"", ""model.layers.23"": ""1"", ""model.layers.24"": ""1"", ""model.layers.25"": ""1"", ""model.layers.26"": ""1"", ""model.layers.27"": ""1"", ""model.layers.28"": ""1"", ""model.layers.29"": ""1"", ""model.layers.3"": ""0"", ""model.layers.30"": ""1"", ""model.layers.31"": ""1"", ""model.layers.4"": ""0"", ""model.layers.5"": ""0"", ""model.layers.6"": ""0"", ""model.layers.7"": ""0"", ""model.layers.8"": ""0"", ""model.layers.9"": ""0"", ""model.norm"": ""1"", ""model.rotary_emb"": ""1""}",0.3928092400019523
multi_da1527f05fdd,0,meta-llama/Meta-Llama-3-8B-Instruct,hf_measured,distserve_style,4096,64,8,4,32,True,False,,0.055835992190625454,2251.2042615296923,12.569895680062473,2216.7952680960298,21.685497753600004,0.1024,0.0512,29.11152982424985,545259520,17993564160,540897443840,0.0,32,992,32,402.23666176199913,2.2193722060110304,,,,,runs/stateful/full_paper/exp5_throughput_overhead_llama3_hf/hf_measurements/meta-llama_Meta-Llama-3-8B-Instruct/ctx4096_out64_s0/metrics.json,,,,,,,8,4,2,2,2,cuda,balanced,"{""lm_head"": ""1"", ""model.embed_tokens"": ""0"", ""model.layers.0"": ""0"", ""model.layers.1"": ""0"", ""model.layers.10"": ""0"", ""model.layers.11"": ""0"", ""model.layers.12"": ""0"", ""model.layers.13"": ""0"", ""model.layers.14"": ""1"", ""model.layers.15"": ""1"", ""model.layers.16"": ""1"", ""model.layers.17"": ""1"", ""model.layers.18"": ""1"", ""model.layers.19"": ""1"", ""model.layers.2"": ""0"", ""model.layers.20"": ""1"", ""model.layers.21"": ""1"", ""model.layers.22"": ""1"", ""model.layers.23"": ""1"", ""model.layers.24"": ""1"", ""model.layers.25"": ""1"", ""model.layers.26"": ""1"", ""model.layers.27"": ""1"", ""model.layers.28"": ""1"", ""model.layers.29"": ""1"", ""model.layers.3"": ""0"", ""model.layers.30"": ""1"", ""model.layers.31"": ""1"", ""model.layers.4"": ""0"", ""model.layers.5"": ""0"", ""model.layers.6"": ""0"", ""model.layers.7"": ""0"", ""model.layers.8"": ""0"", ""model.layers.9"": ""0"", ""model.norm"": ""1"", ""model.rotary_emb"": ""1""}",0.3928092400019523
multi_a6770567fb0f,0,meta-llama/Meta-Llama-3-8B-Instruct,hf_measured,AAFLOW+,4096,64,16,4,32,True,False,,0.03729716851062546,557.4552184421784,2.2193722060110304,554.1988170240074,0.99862921216,0.0256,0.0128,235.12561307845274,545259520,5697961984,194085126144,0.984375,1,2016,64,804.4733235239983,2.2193722060110304,,,,,runs/stateful/full_paper/exp5_throughput_overhead_llama3_hf/hf_measurements/meta-llama_Meta-Llama-3-8B-Instruct/ctx4096_out64_s0/metrics.json,,,,,,,8,8,2,2,2,cuda,balanced,"{""lm_head"": ""1"", ""model.embed_tokens"": ""0"", ""model.layers.0"": ""0"", ""model.layers.1"": ""0"", ""model.layers.10"": ""0"", ""model.layers.11"": ""0"", ""model.layers.12"": ""0"", ""model.layers.13"": ""0"", ""model.layers.14"": ""1"", ""model.layers.15"": ""1"", ""model.layers.16"": ""1"", ""model.layers.17"": ""1"", ""model.layers.18"": ""1"", ""model.layers.19"": ""1"", ""model.layers.2"": ""0"", ""model.layers.20"": ""1"", ""model.layers.21"": ""1"", ""model.layers.22"": ""1"", ""model.layers.23"": ""1"", ""model.layers.24"": ""1"", ""model.layers.25"": ""1"", ""model.layers.26"": ""1"", ""model.layers.27"": ""1"", ""model.layers.28"": ""1"", ""model.layers.29"": ""1"", ""model.layers.3"": ""0"", ""model.layers.30"": ""1"", ""model.layers.31"": ""1"", ""model.layers.4"": ""0"", ""model.layers.5"": ""0"", ""model.layers.6"": ""0"", ""model.layers.7"": ""0"", ""model.layers.8"": ""0"", ""model.layers.9"": ""0"", ""model.norm"": ""1"", ""model.rotary_emb"": ""1""}",0.3928092400019523
multi_ac9ceeccb515,0,meta-llama/Meta-Llama-3-8B-Instruct,hf_measured,dense_prefill,4096,64,16,4,32,True,False,,0.4266848513925777,5238.1662597160575,804.4733235239983,4433.5905361920595,0.0,0.0,0.0032,25.022497091779012,545259520,34896609280,0,0.0,64,0,64,804.4733235239983,2.2193722060110304,,,,,runs/stateful/full_paper/exp5_throughput_overhead_llama3_hf/hf_measurements/meta-llama_Meta-Llama-3-8B-Instruct/ctx4096_out64_s0/metrics.json,,,,,,,8,8,2,2,2,cuda,balanced,"{""lm_head"": ""1"", ""model.embed_tokens"": ""0"", ""model.layers.0"": ""0"", ""model.layers.1"": ""0"", ""model.layers.10"": ""0"", ""model.layers.11"": ""0"", ""model.layers.12"": ""0"", ""model.layers.13"": ""0"", ""model.layers.14"": ""1"", ""model.layers.15"": ""1"", ""model.layers.16"": ""1"", ""model.layers.17"": ""1"", ""model.layers.18"": ""1"", ""model.layers.19"": ""1"", ""model.layers.2"": ""0"", ""model.layers.20"": ""1"", ""model.layers.21"": ""1"", ""model.layers.22"": ""1"", ""model.layers.23"": ""1"", ""model.layers.24"": ""1"", ""model.layers.25"": ""1"", ""model.layers.26"": ""1"", ""model.layers.27"": ""1"", ""model.layers.28"": ""1"", ""model.layers.29"": ""1"", ""model.layers.3"": ""0"", ""model.layers.30"": ""1"", ""model.layers.31"": ""1"", ""model.layers.4"": ""0"", ""model.layers.5"": ""0"", ""model.layers.6"": ""0"", ""model.layers.7"": ""0"", ""model.layers.8"": ""0"", ""model.layers.9"": ""0"", ""model.norm"": ""1"", ""model.rotary_emb"": ""1""}",0.3928092400019523
multi_f1eb1db83f32,0,meta-llama/Meta-Llama-3-8B-Instruct,hf_measured,aaflow_text,4096,64,16,4,32,True,False,,0.43454103619261675,5254.255726186538,804.4733235239983,4433.5905361920595,0.0,0.0,16.191866470479965,24.945873750825246,545259520,37688338022,0,0.0,2048,0,64,804.4733235239983,2.2193722060110304,,,,,runs/stateful/full_paper/exp5_throughput_overhead_llama3_hf/hf_measurements/meta-llama_Meta-Llama-3-8B-Instruct/ctx4096_out64_s0/metrics.json,,,,,,,8,8,2,2,2,cuda,balanced,"{""lm_head"": ""1"", ""model.embed_tokens"": ""0"", ""model.layers.0"": ""0"", ""model.layers.1"": ""0"", ""model.layers.10"": ""0"", ""model.layers.11"": ""0"", ""model.layers.12"": ""0"", ""model.layers.13"": ""0"", ""model.layers.14"": ""1"", ""model.layers.15"": ""1"", ""model.layers.16"": ""1"", ""model.layers.17"": ""1"", ""model.layers.18"": ""1"", ""model.layers.19"": ""1"", ""model.layers.2"": ""0"", ""model.layers.20"": ""1"", ""model.layers.21"": ""1"", ""model.layers.22"": ""1"", ""model.layers.23"": ""1"", ""model.layers.24"": ""1"", ""model.layers.25"": ""1"", ""model.layers.26"": ""1"", ""model.layers.27"": ""1"", ""model.layers.28"": ""1"", ""model.layers.29"": ""1"", ""model.layers.3"": ""0"", ""model.layers.30"": ""1"", ""model.layers.31"": ""1"", ""model.layers.4"": ""0"", ""model.layers.5"": ""0"", ""model.layers.6"": ""0"", ""model.layers.7"": ""0"", ""model.layers.8"": ""0"", ""model.layers.9"": ""0"", ""model.norm"": ""1"", ""model.rotary_emb"": ""1""}",0.3928092400019523
multi_bed3a1e650f2,0,meta-llama/Meta-Llama-3-8B-Instruct,hf_measured,vllm_local_prefix,4096,64,16,4,32,True,False,,0.11744601239104031,4357.172446364278,11.94140089605935,4344.918725468218,0.0,0.2048,0.10752,30.081894075450105,545259520,12650020864,0,0.984375,32,0,64,804.4733235239983,2.2193722060110304,,,,,runs/stateful/full_paper/exp5_throughput_overhead_llama3_hf/hf_measurements/meta-llama_Meta-Llama-3-8B-Instruct/ctx4096_out64_s0/metrics.json,,,,,,,8,8,2,2,2,cuda,balanced,"{""lm_head"": ""1"", ""model.embed_tokens"": ""0"", ""model.layers.0"": ""0"", ""model.layers.1"": ""0"", ""model.layers.10"": ""0"", ""model.layers.11"": ""0"", ""model.layers.12"": ""0"", ""model.layers.13"": ""0"", ""model.layers.14"": ""1"", ""model.layers.15"": ""1"", ""model.layers.16"": ""1"", ""model.layers.17"": ""1"", ""model.layers.18"": ""1"", ""model.layers.19"": ""1"", ""model.layers.2"": ""0"", ""model.layers.20"": ""1"", ""model.layers.21"": ""1"", ""model.layers.22"": ""1"", ""model.layers.23"": ""1"", ""model.layers.24"": ""1"", ""model.layers.25"": ""1"", ""model.layers.26"": ""1"", ""model.layers.27"": ""1"", ""model.layers.28"": ""1"", ""model.layers.29"": ""1"", ""model.layers.3"": ""0"", ""model.layers.30"": ""1"", ""model.layers.31"": ""1"", ""model.layers.4"": ""0"", ""model.layers.5"": ""0"", ""model.layers.6"": ""0"", ""model.layers.7"": ""0"", ""model.layers.8"": ""0"", ""model.layers.9"": ""0"", ""model.norm"": ""1"", ""model.rotary_emb"": ""1""}",0.3928092400019523
multi_769d2df699d0,0,meta-llama/Meta-Llama-3-8B-Instruct,hf_measured,sglang_prefix,4096,64,16,4,32,True,False,,0.08651228474088656,4267.877260856434,11.312906112056226,4256.246914744377,0.0,0.2048,0.11264000000000002,30.711286194228045,545259520,12650020864,0,0.984375,32,0,64,804.4733235239983,2.2193722060110304,,,,,runs/stateful/full_paper/exp5_throughput_overhead_llama3_hf/hf_measurements/meta-llama_Meta-Llama-3-8B-Instruct/ctx4096_out64_s0/metrics.json,,,,,,,8,8,2,2,2,cuda,balanced,"{""lm_head"": ""1"", ""model.embed_tokens"": ""0"", ""model.layers.0"": ""0"", ""model.layers.1"": ""0"", ""model.layers.10"": ""0"", ""model.layers.11"": ""0"", ""model.layers.12"": ""0"", ""model.layers.13"": ""0"", ""model.layers.14"": ""1"", ""model.layers.15"": ""1"", ""model.layers.16"": ""1"", ""model.layers.17"": ""1"", ""model.layers.18"": ""1"", ""model.layers.19"": ""1"", ""model.layers.2"": ""0"", ""model.layers.20"": ""1"", ""model.layers.21"": ""1"", ""model.layers.22"": ""1"", ""model.layers.23"": ""1"", ""model.layers.24"": ""1"", ""model.layers.25"": ""1"", ""model.layers.26"": ""1"", ""model.layers.27"": ""1"", ""model.layers.28"": ""1"", ""model.layers.29"": ""1"", ""model.layers.3"": ""0"", ""model.layers.30"": ""1"", ""model.layers.31"": ""1"", ""model.layers.4"": ""0"", ""model.layers.5"": ""0"", ""model.layers.6"": ""0"", ""model.layers.7"": ""0"", ""model.layers.8"": ""0"", ""model.layers.9"": ""0"", ""model.norm"": ""1"", ""model.rotary_emb"": ""1""}",0.3928092400019523
multi_120439504cb2,0,meta-llama/Meta-Llama-3-8B-Instruct,hf_measured,kvcomm_prefix,4096,64,16,4,32,True,False,,0.16743075299128923,4715.50999733906,250.14092403324324,4433.5905361920595,0.0,0.0,31.77853711375743,27.795933011267778,545259520,10850664448,0,0.6890624999999999,32,0,64,804.4733235239983,250.14092403324324,,,,,runs/stateful/full_paper/exp5_throughput_overhead_llama3_hf/hf_measurements/meta-llama_Meta-Llama-3-8B-Instruct/ctx4096_out64_s0/metrics.json,False,measured_profile_simulation,,https://github.com/FastMAS/KVCOMM,31.67613711375743,0.7,8,8,2,2,2,cuda,balanced,"{""lm_head"": ""1"", ""model.embed_tokens"": ""0"", ""model.layers.0"": ""0"", ""model.layers.1"": ""0"", ""model.layers.10"": ""0"", ""model.layers.11"": ""0"", ""model.layers.12"": ""0"", ""model.layers.13"": ""0"", ""model.layers.14"": ""1"", ""model.layers.15"": ""1"", ""model.layers.16"": ""1"", ""model.layers.17"": ""1"", ""model.layers.18"": ""1"", ""model.layers.19"": ""1"", ""model.layers.2"": ""0"", ""model.layers.20"": ""1"", ""model.layers.21"": ""1"", ""model.layers.22"": ""1"", ""model.layers.23"": ""1"", ""model.layers.24"": ""1"", ""model.layers.25"": ""1"", ""model.layers.26"": ""1"", ""model.layers.27"": ""1"", ""model.layers.28"": ""1"", ""model.layers.29"": ""1"", ""model.layers.3"": ""0"", ""model.layers.30"": ""1"", ""model.layers.31"": ""1"", ""model.layers.4"": ""0"", ""model.layers.5"": ""0"", ""model.layers.6"": ""0"", ""model.layers.7"": ""0"", ""model.layers.8"": ""0"", ""model.layers.9"": ""0"", ""model.norm"": ""1"", ""model.rotary_emb"": ""1""}",0.3928092400019523
multi_b1450b6db49c,0,meta-llama/Meta-Llama-3-8B-Instruct,hf_measured,distserve_style,4096,64,16,4,32,True,False,,0.055835992190625454,4490.538159564922,12.569895680062473,4433.5905361920595,44.070527692800006,0.2048,0.1024,29.188483727905624,545259520,35441868800,1099243192320,0.0,32,2016,64,804.4733235239983,2.2193722060110304,,,,,runs/stateful/full_paper/exp5_throughput_overhead_llama3_hf/hf_measurements/meta-llama_Meta-Llama-3-8B-Instruct/ctx4096_out64_s0/metrics.json,,,,,,,8,8,2,2,2,cuda,balanced,"{""lm_head"": ""1"", ""model.embed_tokens"": ""0"", ""model.layers.0"": ""0"", ""model.layers.1"": ""0"", ""model.layers.10"": ""0"", ""model.layers.11"": ""0"", ""model.layers.12"": ""0"", ""model.layers.13"": ""0"", ""model.layers.14"": ""1"", ""model.layers.15"": ""1"", ""model.layers.16"": ""1"", ""model.layers.17"": ""1"", ""model.layers.18"": ""1"", ""model.layers.19"": ""1"", ""model.layers.2"": ""0"", ""model.layers.20"": ""1"", ""model.layers.21"": ""1"", ""model.layers.22"": ""1"", ""model.layers.23"": ""1"", ""model.layers.24"": ""1"", ""model.layers.25"": ""1"", ""model.layers.26"": ""1"", ""model.layers.27"": ""1"", ""model.layers.28"": ""1"", ""model.layers.29"": ""1"", ""model.layers.3"": ""0"", ""model.layers.30"": ""1"", ""model.layers.31"": ""1"", ""model.layers.4"": ""0"", ""model.layers.5"": ""0"", ""model.layers.6"": ""0"", ""model.layers.7"": ""0"", ""model.layers.8"": ""0"", ""model.layers.9"": ""0"", ""model.norm"": ""1"", ""model.rotary_emb"": ""1""}",0.3928092400019523
multi_6be9c3f88934,0,meta-llama/Meta-Llama-3-8B-Instruct,hf_measured,AAFLOW+,4096,128,4,4,32,True,False,,0.03762699722876491,281.84855811536966,2.1964605858875075,279.38904857612215,0.25344895336,0.0064,0.0032,232.52203395404285,553648128,1799356413,46921678755,0.9375,1,480,16,199.04209203086793,2.1964605858875075,,,,,runs/stateful/full_paper/exp5_throughput_overhead_llama3_hf/hf_measurements/meta-llama_Meta-Llama-3-8B-Instruct/ctx4096_out128_s0/metrics.json,,,,,,,8,2,2,2,2,cuda,balanced,"{""lm_head"": ""1"", ""model.embed_tokens"": ""0"", ""model.layers.0"": ""0"", ""model.layers.1"": ""0"", ""model.layers.10"": ""0"", ""model.layers.11"": ""0"", ""model.layers.12"": ""0"", ""model.layers.13"": ""0"", ""model.layers.14"": ""1"", ""model.layers.15"": ""1"", ""model.layers.16"": ""1"", ""model.layers.17"": ""1"", ""model.layers.18"": ""1"", ""model.layers.19"": ""1"", ""model.layers.2"": ""0"", ""model.layers.20"": ""1"", ""model.layers.21"": ""1"", ""model.layers.22"": ""1"", ""model.layers.23"": ""1"", ""model.layers.24"": ""1"", ""model.layers.25"": ""1"", ""model.layers.26"": ""1"", ""model.layers.27"": ""1"", ""model.layers.28"": ""1"", ""model.layers.29"": ""1"", ""model.layers.3"": ""0"", ""model.layers.30"": ""1"", ""model.layers.31"": ""1"", ""model.layers.4"": ""0"", ""model.layers.5"": ""0"", ""model.layers.6"": ""0"", ""model.layers.7"": ""0"", ""model.layers.8"": ""0"", ""model.layers.9"": ""0"", ""model.norm"": ""1"", ""model.rotary_emb"": ""1""}",0.38875408599778893
multi_1c1636f90a2f,0,meta-llama/Meta-Llama-3-8B-Instruct,hf_measured,dense_prefill,4096,128,4,4,32,True,False,,0.42290919446655384,2434.180080639845,199.04209203086793,2235.112388608977,0.0,0.0,0.0008,26.923234037299864,553648128,8858370048,0,0.0,16,0,16,199.04209203086793,2.1964605858875075,,,,,runs/stateful/full_paper/exp5_throughput_overhead_llama3_hf/hf_measurements/meta-llama_Meta-Llama-3-8B-Instruct/ctx4096_out128_s0/metrics.json,,,,,,,8,2,2,2,2,cuda,balanced,"{""lm_head"": ""1"", ""model.embed_tokens"": ""0"", ""model.layers.0"": ""0"", ""model.layers.1"": ""0"", ""model.layers.10"": ""0"", ""model.layers.11"": ""0"", ""model.layers.12"": ""0"", ""model.layers.13"": ""0"", ""model.layers.14"": ""1"", ""model.layers.15"": ""1"", ""model.layers.16"": ""1"", ""model.layers.17"": ""1"", ""model.layers.18"": ""1"", ""model.layers.19"": ""1"", ""model.layers.2"": ""0"", ""model.layers.20"": ""1"", ""model.layers.21"": ""1"", ""model.layers.22"": ""1"", ""model.layers.23"": ""1"", ""model.layers.24"": ""1"", ""model.layers.25"": ""1"", ""model.layers.26"": ""1"", ""model.layers.27"": ""1"", ""model.layers.28"": ""1"", ""model.layers.29"": ""1"", ""model.layers.3"": ""0"", ""model.layers.30"": ""1"", ""model.layers.31"": ""1"", ""model.layers.4"": ""0"", ""model.layers.5"": ""0"", ""model.layers.6"": ""0"", ""model.layers.7"": ""0"", ""model.layers.8"": ""0"", ""model.layers.9"": ""0"", ""model.norm"": ""1"", ""model.rotary_emb"": ""1""}",0.38875408599778893
multi_a2edbc7a4a68,0,meta-llama/Meta-Llama-3-8B-Instruct,hf_measured,aaflow_text,4096,128,4,4,32,True,False,,0.4306842761865096,2438.1609224804624,199.04209203086793,2235.112388608977,0.0,0.0,4.0064418406173585,26.87927584916215,553648128,9567039651,0,0.0,512,0,16,199.04209203086793,2.1964605858875075,,,,,runs/stateful/full_paper/exp5_throughput_overhead_llama3_hf/hf_measurements/meta-llama_Meta-Llama-3-8B-Instruct/ctx4096_out128_s0/metrics.json,,,,,,,8,2,2,2,2,cuda,balanced,"{""lm_head"": ""1"", ""model.embed_tokens"": ""0"", ""model.layers.0"": ""0"", ""model.layers.1"": ""0"", ""model.layers.10"": ""0"", ""model.layers.11"": ""0"", ""model.layers.12"": ""0"", ""model.layers.13"": ""0"", ""model.layers.14"": ""1"", ""model.layers.15"": ""1"", ""model.layers.16"": ""1"", ""model.layers.17"": ""1"", ""model.layers.18"": ""1"", ""model.layers.19"": ""1"", ""model.layers.2"": ""0"", ""model.layers.20"": ""1"", ""model.layers.21"": ""1"", ""model.layers.22"": ""1"", ""model.layers.23"": ""1"", ""model.layers.24"": ""1"", ""model.layers.25"": ""1"", ""model.layers.26"": ""1"", ""model.layers.27"": ""1"", ""model.layers.28"": ""1"", ""model.layers.29"": ""1"", ""model.layers.3"": ""0"", ""model.layers.30"": ""1"", ""model.layers.31"": ""1"", ""model.layers.4"": ""0"", ""model.layers.5"": ""0"", ""model.layers.6"": ""0"", ""model.layers.7"": ""0"", ""model.layers.8"": ""0"", ""model.layers.9"": ""0"", ""model.norm"": ""1"", ""model.rotary_emb"": ""1""}",0.38875408599778893
multi_e305a220e9b0,0,meta-llama/Meta-Llama-3-8B-Instruct,hf_measured,vllm_local_prefix,4096,128,4,4,32,True,False,,0.13143737996821214,2202.3063450511304,11.818124214332784,2190.410140836798,0.0,0.0512,0.02688,29.757894557797528,553648128,3211159140,0,0.9375,32,0,16,199.04209203086793,2.1964605858875075,,,,,runs/stateful/full_paper/exp5_throughput_overhead_llama3_hf/hf_measurements/meta-llama_Meta-Llama-3-8B-Instruct/ctx4096_out128_s0/metrics.json,,,,,,,8,2,2,2,2,cuda,balanced,"{""lm_head"": ""1"", ""model.embed_tokens"": ""0"", ""model.layers.0"": ""0"", ""model.layers.1"": ""0"", ""model.layers.10"": ""0"", ""model.layers.11"": ""0"", ""model.layers.12"": ""0"", ""model.layers.13"": ""0"", ""model.layers.14"": ""1"", ""model.layers.15"": ""1"", ""model.layers.16"": ""1"", ""model.layers.17"": ""1"", ""model.layers.18"": ""1"", ""model.layers.19"": ""1"", ""model.layers.2"": ""0"", ""model.layers.20"": ""1"", ""model.layers.21"": ""1"", ""model.layers.22"": ""1"", ""model.layers.23"": ""1"", ""model.layers.24"": ""1"", ""model.layers.25"": ""1"", ""model.layers.26"": ""1"", ""model.layers.27"": ""1"", ""model.layers.28"": ""1"", ""model.layers.29"": ""1"", ""model.layers.3"": ""0"", ""model.layers.30"": ""1"", ""model.layers.31"": ""1"", ""model.layers.4"": ""0"", ""model.layers.5"": ""0"", ""model.layers.6"": ""0"", ""model.layers.7"": ""0"", ""model.layers.8"": ""0"", ""model.layers.9"": ""0"", ""model.norm"": ""1"", ""model.rotary_emb"": ""1""}",0.38875408599778893
multi_bc039605dc15,0,meta-llama/Meta-Llama-3-8B-Instruct,hf_measured,sglang_prefix,4096,128,4,4,32,True,False,,0.10228082351837797,2156.983370741354,11.196117676736321,2145.707893064618,0.0,0.0512,0.028160000000000004,30.38317350470593,553648128,3211159140,0,0.9375,32,0,16,199.04209203086793,2.1964605858875075,,,,,runs/stateful/full_paper/exp5_throughput_overhead_llama3_hf/hf_measurements/meta-llama_Meta-Llama-3-8B-Instruct/ctx4096_out128_s0/metrics.json,,,,,,,8,2,2,2,2,cuda,balanced,"{""lm_head"": ""1"", ""model.embed_tokens"": ""0"", ""model.layers.0"": ""0"", ""model.layers.1"": ""0"", ""model.layers.10"": ""0"", ""model.layers.11"": ""0"", ""model.layers.12"": ""0"", ""model.layers.13"": ""0"", ""model.layers.14"": ""1"", ""model.layers.15"": ""1"", ""model.layers.16"": ""1"", ""model.layers.17"": ""1"", ""model.layers.18"": ""1"", ""model.layers.19"": ""1"", ""model.layers.2"": ""0"", ""model.layers.20"": ""1"", ""model.layers.21"": ""1"", ""model.layers.22"": ""1"", ""model.layers.23"": ""1"", ""model.layers.24"": ""1"", ""model.layers.25"": ""1"", ""model.layers.26"": ""1"", ""model.layers.27"": ""1"", ""model.layers.28"": ""1"", ""model.layers.29"": ""1"", ""model.layers.3"": ""0"", ""model.layers.30"": ""1"", ""model.layers.31"": ""1"", ""model.layers.4"": ""0"", ""model.layers.5"": ""0"", ""model.layers.6"": ""0"", ""model.layers.7"": ""0"", ""model.layers.8"": ""0"", ""model.layers.9"": ""0"", ""model.norm"": ""1"", ""model.rotary_emb"": ""1""}",0.38875408599778893
multi_22b2199139ca,0,meta-llama/Meta-Llama-3-8B-Instruct,hf_measured,kvcomm_prefix,4096,128,4,4,32,True,False,,0.16633149770801314,2311.0227861957455,68.42071913561085,2235.112388608977,0.0,0.0,7.489678451157547,28.35800684937472,553648128,3045064704,0,0.65625,32,0,16,199.04209203086793,68.42071913561085,,,,,runs/stateful/full_paper/exp5_throughput_overhead_llama3_hf/hf_measurements/meta-llama_Meta-Llama-3-8B-Instruct/ctx4096_out128_s0/metrics.json,False,measured_profile_simulation,,https://github.com/FastMAS/KVCOMM,7.4640784511575475,0.7,8,2,2,2,2,cuda,balanced,"{""lm_head"": ""1"", ""model.embed_tokens"": ""0"", ""model.layers.0"": ""0"", ""model.layers.1"": ""0"", ""model.layers.10"": ""0"", ""model.layers.11"": ""0"", ""model.layers.12"": ""0"", ""model.layers.13"": ""0"", ""model.layers.14"": ""1"", ""model.layers.15"": ""1"", ""model.layers.16"": ""1"", ""model.layers.17"": ""1"", ""model.layers.18"": ""1"", ""model.layers.19"": ""1"", ""model.layers.2"": ""0"", ""model.layers.20"": ""1"", ""model.layers.21"": ""1"", ""model.layers.22"": ""1"", ""model.layers.23"": ""1"", ""model.layers.24"": ""1"", ""model.layers.25"": ""1"", ""model.layers.26"": ""1"", ""model.layers.27"": ""1"", ""model.layers.28"": ""1"", ""model.layers.29"": ""1"", ""model.layers.3"": ""0"", ""model.layers.30"": ""1"", ""model.layers.31"": ""1"", ""model.layers.4"": ""0"", ""model.layers.5"": ""0"", ""model.layers.6"": ""0"", ""model.layers.7"": ""0"", ""model.layers.8"": ""0"", ""model.layers.9"": ""0"", ""model.norm"": ""1"", ""model.rotary_emb"": ""1""}",0.38875408599778893
multi_624ed4c7edca,0,meta-llama/Meta-Llama-3-8B-Instruct,hf_measured,distserve_style,4096,128,4,4,32,True,False,,0.056451033588764916,2258.2833634185063,12.440130751929246,2235.112388608977,10.6540440576,0.0512,0.0256,29.02027312497844,553648128,9412018176,265751101440,0.0,32,480,16,199.04209203086793,2.1964605858875075,,,,,runs/stateful/full_paper/exp5_throughput_overhead_llama3_hf/hf_measurements/meta-llama_Meta-Llama-3-8B-Instruct/ctx4096_out128_s0/metrics.json,,,,,,,8,2,2,2,2,cuda,balanced,"{""lm_head"": ""1"", ""model.embed_tokens"": ""0"", ""model.layers.0"": ""0"", ""model.layers.1"": ""0"", ""model.layers.10"": ""0"", ""model.layers.11"": ""0"", ""model.layers.12"": ""0"", ""model.layers.13"": ""0"", ""model.layers.14"": ""1"", ""model.layers.15"": ""1"", ""model.layers.16"": ""1"", ""model.layers.17"": ""1"", ""model.layers.18"": ""1"", ""model.layers.19"": ""1"", ""model.layers.2"": ""0"", ""model.layers.20"": ""1"", ""model.layers.21"": ""1"", ""model.layers.22"": ""1"", ""model.layers.23"": ""1"", ""model.layers.24"": ""1"", ""model.layers.25"": ""1"", ""model.layers.26"": ""1"", ""model.layers.27"": ""1"", ""model.layers.28"": ""1"", ""model.layers.29"": ""1"", ""model.layers.3"": ""0"", ""model.layers.30"": ""1"", ""model.layers.31"": ""1"", ""model.layers.4"": ""0"", ""model.layers.5"": ""0"", ""model.layers.6"": ""0"", ""model.layers.7"": ""0"", ""model.layers.8"": ""0"", ""model.layers.9"": ""0"", ""model.norm"": ""1"", ""model.rotary_emb"": ""1""}",0.38875408599778893
multi_c85dc969396a,0,meta-llama/Meta-Llama-3-8B-Instruct,hf_measured,AAFLOW+,4096,128,8,4,32,True,False,,0.03762699722876491,561.5006556448518,2.1964605858875075,558.7780971522443,0.50689790672,0.0128,0.0064,233.43160632550146,553648128,3128111917,96971469427,0.96875,1,992,32,398.08418406173587,2.1964605858875075,,,,,runs/stateful/full_paper/exp5_throughput_overhead_llama3_hf/hf_measurements/meta-llama_Meta-Llama-3-8B-Instruct/ctx4096_out128_s0/metrics.json,,,,,,,8,4,2,2,2,cuda,balanced,"{""lm_head"": ""1"", ""model.embed_tokens"": ""0"", ""model.layers.0"": ""0"", ""model.layers.1"": ""0"", ""model.layers.10"": ""0"", ""model.layers.11"": ""0"", ""model.layers.12"": ""0"", ""model.layers.13"": ""0"", ""model.layers.14"": ""1"", ""model.layers.15"": ""1"", ""model.layers.16"": ""1"", ""model.layers.17"": ""1"", ""model.layers.18"": ""1"", ""model.layers.19"": ""1"", ""model.layers.2"": ""0"", ""model.layers.20"": ""1"", ""model.layers.21"": ""1"", ""model.layers.22"": ""1"", ""model.layers.23"": ""1"", ""model.layers.24"": ""1"", ""model.layers.25"": ""1"", ""model.layers.26"": ""1"", ""model.layers.27"": ""1"", ""model.layers.28"": ""1"", ""model.layers.29"": ""1"", ""model.layers.3"": ""0"", ""model.layers.30"": ""1"", ""model.layers.31"": ""1"", ""model.layers.4"": ""0"", ""model.layers.5"": ""0"", ""model.layers.6"": ""0"", ""model.layers.7"": ""0"", ""model.layers.8"": ""0"", ""model.layers.9"": ""0"", ""model.norm"": ""1"", ""model.rotary_emb"": ""1""}",0.38875408599778893
multi_cf58d2858a32,0,meta-llama/Meta-Llama-3-8B-Instruct,hf_measured,dense_prefill,4096,128,8,4,32,True,False,,0.42290919446655384,4868.36016127969,398.08418406173587,4470.224777217954,0.0,0.0,0.0016,26.923234037299864,553648128,17716740096,0,0.0,32,0,32,398.08418406173587,2.1964605858875075,,,,,runs/stateful/full_paper/exp5_throughput_overhead_llama3_hf/hf_measurements/meta-llama_Meta-Llama-3-8B-Instruct/ctx4096_out128_s0/metrics.json,,,,,,,8,4,2,2,2,cuda,balanced,"{""lm_head"": ""1"", ""model.embed_tokens"": ""0"", ""model.layers.0"": ""0"", ""model.layers.1"": ""0"", ""model.layers.10"": ""0"", ""model.layers.11"": ""0"", ""model.layers.12"": ""0"", ""model.layers.13"": ""0"", ""model.layers.14"": ""1"", ""model.layers.15"": ""1"", ""model.layers.16"": ""1"", ""model.layers.17"": ""1"", ""model.layers.18"": ""1"", ""model.layers.19"": ""1"", ""model.layers.2"": ""0"", ""model.layers.20"": ""1"", ""model.layers.21"": ""1"", ""model.layers.22"": ""1"", ""model.layers.23"": ""1"", ""model.layers.24"": ""1"", ""model.layers.25"": ""1"", ""model.layers.26"": ""1"", ""model.layers.27"": ""1"", ""model.layers.28"": ""1"", ""model.layers.29"": ""1"", ""model.layers.3"": ""0"", ""model.layers.30"": ""1"", ""model.layers.31"": ""1"", ""model.layers.4"": ""0"", ""model.layers.5"": ""0"", ""model.layers.6"": ""0"", ""model.layers.7"": ""0"", ""model.layers.8"": ""0"", ""model.layers.9"": ""0"", ""model.norm"": ""1"", ""model.rotary_emb"": ""1""}",0.38875408599778893
multi_53e9d20a6ec6,0,meta-llama/Meta-Llama-3-8B-Instruct,hf_measured,aaflow_text,4096,128,8,4,32,True,False,,0.4306842761865096,4876.321844960925,398.08418406173587,4470.224777217954,0.0,0.0,8.012883681234717,26.87927584916215,553648128,19134079303,0,0.0,1024,0,32,398.08418406173587,2.1964605858875075,,,,,runs/stateful/full_paper/exp5_throughput_overhead_llama3_hf/hf_measurements/meta-llama_Meta-Llama-3-8B-Instruct/ctx4096_out128_s0/metrics.json,,,,,,,8,4,2,2,2,cuda,balanced,"{""lm_head"": ""1"", ""model.embed_tokens"": ""0"", ""model.layers.0"": ""0"", ""model.layers.1"": ""0"", ""model.layers.10"": ""0"", ""model.layers.11"": ""0"", ""model.layers.12"": ""0"", ""model.layers.13"": ""0"", ""model.layers.14"": ""1"", ""model.layers.15"": ""1"", ""model.layers.16"": ""1"", ""model.layers.17"": ""1"", ""model.layers.18"": ""1"", ""model.layers.19"": ""1"", ""model.layers.2"": ""0"", ""model.layers.20"": ""1"", ""model.layers.21"": ""1"", ""model.layers.22"": ""1"", ""model.layers.23"": ""1"", ""model.layers.24"": ""1"", ""model.layers.25"": ""1"", ""model.layers.26"": ""1"", ""model.layers.27"": ""1"", ""model.layers.28"": ""1"", ""model.layers.29"": ""1"", ""model.layers.3"": ""0"", ""model.layers.30"": ""1"", ""model.layers.31"": ""1"", ""model.layers.4"": ""0"", ""model.layers.5"": ""0"", ""model.layers.6"": ""0"", ""model.layers.7"": ""0"", ""model.layers.8"": ""0"", ""model.layers.9"": ""0"", ""model.norm"": ""1"", ""model.rotary_emb"": ""1""}",0.38875408599778893
multi_eebe995dd296,0,meta-llama/Meta-Llama-3-8B-Instruct,hf_measured,vllm_local_prefix,4096,128,8,4,32,True,False,,0.12172165281826741,4392.794565887928,11.818124214332784,4380.820281673596,0.0,0.1024,0.05376,29.837953501817367,553648128,6422318280,0,0.96875,32,0,32,398.08418406173587,2.1964605858875075,,,,,runs/stateful/full_paper/exp5_throughput_overhead_llama3_hf/hf_measurements/meta-llama_Meta-Llama-3-8B-Instruct/ctx4096_out128_s0/metrics.json,,,,,,,8,4,2,2,2,cuda,balanced,"{""lm_head"": ""1"", ""model.embed_tokens"": ""0"", ""model.layers.0"": ""0"", ""model.layers.1"": ""0"", ""model.layers.10"": ""0"", ""model.layers.11"": ""0"", ""model.layers.12"": ""0"", ""model.layers.13"": ""0"", ""model.layers.14"": ""1"", ""model.layers.15"": ""1"", ""model.layers.16"": ""1"", ""model.layers.17"": ""1"", ""model.layers.18"": ""1"", ""model.layers.19"": ""1"", ""model.layers.2"": ""0"", ""model.layers.20"": ""1"", ""model.layers.21"": ""1"", ""model.layers.22"": ""1"", ""model.layers.23"": ""1"", ""model.layers.24"": ""1"", ""model.layers.25"": ""1"", ""model.layers.26"": ""1"", ""model.layers.27"": ""1"", ""model.layers.28"": ""1"", ""model.layers.29"": ""1"", ""model.layers.3"": ""0"", ""model.layers.30"": ""1"", ""model.layers.31"": ""1"", ""model.layers.4"": ""0"", ""model.layers.5"": ""0"", ""model.layers.6"": ""0"", ""model.layers.7"": ""0"", ""model.layers.8"": ""0"", ""model.layers.9"": ""0"", ""model.norm"": ""1"", ""model.rotary_emb"": ""1""}",0.38875408599778893
multi_78a518cea206,0,meta-llama/Meta-Llama-3-8B-Instruct,hf_measured,sglang_prefix,4096,128,8,4,32,True,False,,0.09159321115343877,4302.770623805972,11.196117676736321,4291.415786129236,0.0,0.1024,0.05632000000000001,30.462232700673596,553648128,6422318280,0,0.96875,32,0,32,398.08418406173587,2.1964605858875075,,,,,runs/stateful/full_paper/exp5_throughput_overhead_llama3_hf/hf_measurements/meta-llama_Meta-Llama-3-8B-Instruct/ctx4096_out128_s0/metrics.json,,,,,,,8,4,2,2,2,cuda,balanced,"{""lm_head"": ""1"", ""model.embed_tokens"": ""0"", ""model.layers.0"": ""0"", ""model.layers.1"": ""0"", ""model.layers.10"": ""0"", ""model.layers.11"": ""0"", ""model.layers.12"": ""0"", ""model.layers.13"": ""0"", ""model.layers.14"": ""1"", ""model.layers.15"": ""1"", ""model.layers.16"": ""1"", ""model.layers.17"": ""1"", ""model.layers.18"": ""1"", ""model.layers.19"": ""1"", ""model.layers.2"": ""0"", ""model.layers.20"": ""1"", ""model.layers.21"": ""1"", ""model.layers.22"": ""1"", ""model.layers.23"": ""1"", ""model.layers.24"": ""1"", ""model.layers.25"": ""1"", ""model.layers.26"": ""1"", ""model.layers.27"": ""1"", ""model.layers.28"": ""1"", ""model.layers.29"": ""1"", ""model.layers.3"": ""0"", ""model.layers.30"": ""1"", ""model.layers.31"": ""1"", ""model.layers.4"": ""0"", ""model.layers.5"": ""0"", ""model.layers.6"": ""0"", ""model.layers.7"": ""0"", ""model.layers.8"": ""0"", ""model.layers.9"": ""0"", ""model.norm"": ""1"", ""model.rotary_emb"": ""1""}",0.38875408599778893
multi_4e8e18468ecb,0,meta-llama/Meta-Llama-3-8B-Instruct,hf_measured,kvcomm_prefix,4096,128,8,4,32,True,False,,0.16633149770801314,4613.835086095218,128.13334674487123,4470.224777217954,0.0,0.0,15.476962132392265,28.408470947523373,553648128,5702575718,0,0.678125,32,0,32,398.08418406173587,128.13334674487123,,,,,runs/stateful/full_paper/exp5_throughput_overhead_llama3_hf/hf_measurements/meta-llama_Meta-Llama-3-8B-Instruct/ctx4096_out128_s0/metrics.json,False,measured_profile_simulation,,https://github.com/FastMAS/KVCOMM,15.425762132392265,0.7,8,4,2,2,2,cuda,balanced,"{""lm_head"": ""1"", ""model.embed_tokens"": ""0"", ""model.layers.0"": ""0"", ""model.layers.1"": ""0"", ""model.layers.10"": ""0"", ""model.layers.11"": ""0"", ""model.layers.12"": ""0"", ""model.layers.13"": ""0"", ""model.layers.14"": ""1"", ""model.layers.15"": ""1"", ""model.layers.16"": ""1"", ""model.layers.17"": ""1"", ""model.layers.18"": ""1"", ""model.layers.19"": ""1"", ""model.layers.2"": ""0"", ""model.layers.20"": ""1"", ""model.layers.21"": ""1"", ""model.layers.22"": ""1"", ""model.layers.23"": ""1"", ""model.layers.24"": ""1"", ""model.layers.25"": ""1"", ""model.layers.26"": ""1"", ""model.layers.27"": ""1"", ""model.layers.28"": ""1"", ""model.layers.29"": ""1"", ""model.layers.3"": ""0"", ""model.layers.30"": ""1"", ""model.layers.31"": ""1"", ""model.layers.4"": ""0"", ""model.layers.5"": ""0"", ""model.layers.6"": ""0"", ""model.layers.7"": ""0"", ""model.layers.8"": ""0"", ""model.layers.9"": ""0"", ""model.norm"": ""1"", ""model.rotary_emb"": ""1""}",0.38875408599778893
multi_5798eb384e0d,0,meta-llama/Meta-Llama-3-8B-Instruct,hf_measured,distserve_style,4096,128,8,4,32,True,False,,0.056451033588764916,4504.836865688923,12.440130751929246,4470.224777217954,22.01835771904,0.1024,0.0512,29.09583718742614,553648128,18270388224,549218942976,0.0,32,992,32,398.08418406173587,2.1964605858875075,,,,,runs/stateful/full_paper/exp5_throughput_overhead_llama3_hf/hf_measurements/meta-llama_Meta-Llama-3-8B-Instruct/ctx4096_out128_s0/metrics.json,,,,,,,8,4,2,2,2,cuda,balanced,"{""lm_head"": ""1"", ""model.embed_tokens"": ""0"", ""model.layers.0"": ""0"", ""model.layers.1"": ""0"", ""model.layers.10"": ""0"", ""model.layers.11"": ""0"", ""model.layers.12"": ""0"", ""model.layers.13"": ""0"", ""model.layers.14"": ""1"", ""model.layers.15"": ""1"", ""model.layers.16"": ""1"", ""model.layers.17"": ""1"", ""model.layers.18"": ""1"", ""model.layers.19"": ""1"", ""model.layers.2"": ""0"", ""model.layers.20"": ""1"", ""model.layers.21"": ""1"", ""model.layers.22"": ""1"", ""model.layers.23"": ""1"", ""model.layers.24"": ""1"", ""model.layers.25"": ""1"", ""model.layers.26"": ""1"", ""model.layers.27"": ""1"", ""model.layers.28"": ""1"", ""model.layers.29"": ""1"", ""model.layers.3"": ""0"", ""model.layers.30"": ""1"", ""model.layers.31"": ""1"", ""model.layers.4"": ""0"", ""model.layers.5"": ""0"", ""model.layers.6"": ""0"", ""model.layers.7"": ""0"", ""model.layers.8"": ""0"", ""model.layers.9"": ""0"", ""model.norm"": ""1"", ""model.rotary_emb"": ""1""}",0.38875408599778893
multi_494151bdda4a,0,meta-llama/Meta-Llama-3-8B-Instruct,hf_measured,AAFLOW+,4096,128,16,4,32,True,False,,0.03762699722876491,1120.804850703816,2.1964605858875075,1117.5561943044886,1.01379581344,0.0256,0.0128,233.88906626821353,553648128,5785622925,197071050771,0.984375,1,2016,64,796.1683681234717,2.1964605858875075,,,,,runs/stateful/full_paper/exp5_throughput_overhead_llama3_hf/hf_measurements/meta-llama_Meta-Llama-3-8B-Instruct/ctx4096_out128_s0/metrics.json,,,,,,,8,8,2,2,2,cuda,balanced,"{""lm_head"": ""1"", ""model.embed_tokens"": ""0"", ""model.layers.0"": ""0"", ""model.layers.1"": ""0"", ""model.layers.10"": ""0"", ""model.layers.11"": ""0"", ""model.layers.12"": ""0"", ""model.layers.13"": ""0"", ""model.layers.14"": ""1"", ""model.layers.15"": ""1"", ""model.layers.16"": ""1"", ""model.layers.17"": ""1"", ""model.layers.18"": ""1"", ""model.layers.19"": ""1"", ""model.layers.2"": ""0"", ""model.layers.20"": ""1"", ""model.layers.21"": ""1"", ""model.layers.22"": ""1"", ""model.layers.23"": ""1"", ""model.layers.24"": ""1"", ""model.layers.25"": ""1"", ""model.layers.26"": ""1"", ""model.layers.27"": ""1"", ""model.layers.28"": ""1"", ""model.layers.29"": ""1"", ""model.layers.3"": ""0"", ""model.layers.30"": ""1"", ""model.layers.31"": ""1"", ""model.layers.4"": ""0"", ""model.layers.5"": ""0"", ""model.layers.6"": ""0"", ""model.layers.7"": ""0"", ""model.layers.8"": ""0"", ""model.layers.9"": ""0"", ""model.norm"": ""1"", ""model.rotary_emb"": ""1""}",0.38875408599778893
multi_4e0ad332d725,0,meta-llama/Meta-Llama-3-8B-Instruct,hf_measured,dense_prefill,4096,128,16,4,32,True,False,,0.42290919446655384,9736.72032255938,796.1683681234717,8940.449554435909,0.0,0.0,0.0032,26.923234037299864,553648128,35433480192,0,0.0,64,0,64,796.1683681234717,2.1964605858875075,,,,,runs/stateful/full_paper/exp5_throughput_overhead_llama3_hf/hf_measurements/meta-llama_Meta-Llama-3-8B-Instruct/ctx4096_out128_s0/metrics.json,,,,,,,8,8,2,2,2,cuda,balanced,"{""lm_head"": ""1"", ""model.embed_tokens"": ""0"", ""model.layers.0"": ""0"", ""model.layers.1"": ""0"", ""model.layers.10"": ""0"", ""model.layers.11"": ""0"", ""model.layers.12"": ""0"", ""model.layers.13"": ""0"", ""model.layers.14"": ""1"", ""model.layers.15"": ""1"", ""model.layers.16"": ""1"", ""model.layers.17"": ""1"", ""model.layers.18"": ""1"", ""model.layers.19"": ""1"", ""model.layers.2"": ""0"", ""model.layers.20"": ""1"", ""model.layers.21"": ""1"", ""model.layers.22"": ""1"", ""model.layers.23"": ""1"", ""model.layers.24"": ""1"", ""model.layers.25"": ""1"", ""model.layers.26"": ""1"", ""model.layers.27"": ""1"", ""model.layers.28"": ""1"", ""model.layers.29"": ""1"", ""model.layers.3"": ""0"", ""model.layers.30"": ""1"", ""model.layers.31"": ""1"", ""model.layers.4"": ""0"", ""model.layers.5"": ""0"", ""model.layers.6"": ""0"", ""model.layers.7"": ""0"", ""model.layers.8"": ""0"", ""model.layers.9"": ""0"", ""model.norm"": ""1"", ""model.rotary_emb"": ""1""}",0.38875408599778893
multi_584f9f1527b8,0,meta-llama/Meta-Llama-3-8B-Instruct,hf_measured,aaflow_text,4096,128,16,4,32,True,False,,0.4306842761865096,9752.64368992185,796.1683681234717,8940.449554435909,0.0,0.0,16.025767362469434,26.87927584916215,553648128,38268158607,0,0.0,2048,0,64,796.1683681234717,2.1964605858875075,,,,,runs/stateful/full_paper/exp5_throughput_overhead_llama3_hf/hf_measurements/meta-llama_Meta-Llama-3-8B-Instruct/ctx4096_out128_s0/metrics.json,,,,,,,8,8,2,2,2,cuda,balanced,"{""lm_head"": ""1"", ""model.embed_tokens"": ""0"", ""model.layers.0"": ""0"", ""model.layers.1"": ""0"", ""model.layers.10"": ""0"", ""model.layers.11"": ""0"", ""model.layers.12"": ""0"", ""model.layers.13"": ""0"", ""model.layers.14"": ""1"", ""model.layers.15"": ""1"", ""model.layers.16"": ""1"", ""model.layers.17"": ""1"", ""model.layers.18"": ""1"", ""model.layers.19"": ""1"", ""model.layers.2"": ""0"", ""model.layers.20"": ""1"", ""model.layers.21"": ""1"", ""model.layers.22"": ""1"", ""model.layers.23"": ""1"", ""model.layers.24"": ""1"", ""model.layers.25"": ""1"", ""model.layers.26"": ""1"", ""model.layers.27"": ""1"", ""model.layers.28"": ""1"", ""model.layers.29"": ""1"", ""model.layers.3"": ""0"", ""model.layers.30"": ""1"", ""model.layers.31"": ""1"", ""model.layers.4"": ""0"", ""model.layers.5"": ""0"", ""model.layers.6"": ""0"", ""model.layers.7"": ""0"", ""model.layers.8"": ""0"", ""model.layers.9"": ""0"", ""model.norm"": ""1"", ""model.rotary_emb"": ""1""}",0.38875408599778893
multi_8d3e156ef15b,0,meta-llama/Meta-Llama-3-8B-Instruct,hf_measured,vllm_local_prefix,4096,128,16,4,32,True,False,,0.11686378924329506,8773.771007561523,11.818124214332784,8761.640563347191,0.0,0.2048,0.10752,29.878144730934476,553648128,12844636560,0,0.984375,32,0,64,796.1683681234717,2.1964605858875075,,,,,runs/stateful/full_paper/exp5_throughput_overhead_llama3_hf/hf_measurements/meta-llama_Meta-Llama-3-8B-Instruct/ctx4096_out128_s0/metrics.json,,,,,,,8,8,2,2,2,cuda,balanced,"{""lm_head"": ""1"", ""model.embed_tokens"": ""0"", ""model.layers.0"": ""0"", ""model.layers.1"": ""0"", ""model.layers.10"": ""0"", ""model.layers.11"": ""0"", ""model.layers.12"": ""0"", ""model.layers.13"": ""0"", ""model.layers.14"": ""1"", ""model.layers.15"": ""1"", ""model.layers.16"": ""1"", ""model.layers.17"": ""1"", ""model.layers.18"": ""1"", ""model.layers.19"": ""1"", ""model.layers.2"": ""0"", ""model.layers.20"": ""1"", ""model.layers.21"": ""1"", ""model.layers.22"": ""1"", ""model.layers.23"": ""1"", ""model.layers.24"": ""1"", ""model.layers.25"": ""1"", ""model.layers.26"": ""1"", ""model.layers.27"": ""1"", ""model.layers.28"": ""1"", ""model.layers.29"": ""1"", ""model.layers.3"": ""0"", ""model.layers.30"": ""1"", ""model.layers.31"": ""1"", ""model.layers.4"": ""0"", ""model.layers.5"": ""0"", ""model.layers.6"": ""0"", ""model.layers.7"": ""0"", ""model.layers.8"": ""0"", ""model.layers.9"": ""0"", ""model.norm"": ""1"", ""model.rotary_emb"": ""1""}",0.38875408599778893
multi_27159580d298,0,meta-llama/Meta-Llama-3-8B-Instruct,hf_measured,sglang_prefix,4096,128,16,4,32,True,False,,0.08624940497096918,8594.345129935207,11.196117676736321,8582.831572258472,0.0,0.2048,0.11264000000000002,30.50191678792591,553648128,12844636560,0,0.984375,32,0,64,796.1683681234717,2.1964605858875075,,,,,runs/stateful/full_paper/exp5_throughput_overhead_llama3_hf/hf_measurements/meta-llama_Meta-Llama-3-8B-Instruct/ctx4096_out128_s0/metrics.json,,,,,,,8,8,2,2,2,cuda,balanced,"{""lm_head"": ""1"", ""model.embed_tokens"": ""0"", ""model.layers.0"": ""0"", ""model.layers.1"": ""0"", ""model.layers.10"": ""0"", ""model.layers.11"": ""0"", ""model.layers.12"": ""0"", ""model.layers.13"": ""0"", ""model.layers.14"": ""1"", ""model.layers.15"": ""1"", ""model.layers.16"": ""1"", ""model.layers.17"": ""1"", ""model.layers.18"": ""1"", ""model.layers.19"": ""1"", ""model.layers.2"": ""0"", ""model.layers.20"": ""1"", ""model.layers.21"": ""1"", ""model.layers.22"": ""1"", ""model.layers.23"": ""1"", ""model.layers.24"": ""1"", ""model.layers.25"": ""1"", ""model.layers.26"": ""1"", ""model.layers.27"": ""1"", ""model.layers.28"": ""1"", ""model.layers.29"": ""1"", ""model.layers.3"": ""0"", ""model.layers.30"": ""1"", ""model.layers.31"": ""1"", ""model.layers.4"": ""0"", ""model.layers.5"": ""0"", ""model.layers.6"": ""0"", ""model.layers.7"": ""0"", ""model.layers.8"": ""0"", ""model.layers.9"": ""0"", ""model.norm"": ""1"", ""model.rotary_emb"": ""1""}",0.38875408599778893
multi_c223543f8af3,0,meta-llama/Meta-Llama-3-8B-Instruct,hf_measured,kvcomm_prefix,4096,128,16,4,32,True,False,,0.16633149770801314,9219.459685894162,247.55860196339202,8940.449554435909,0.0,0.0,31.4515294948617,28.4337704085937,553648128,11017597747,0,0.6890624999999999,32,0,64,796.1683681234717,247.55860196339202,,,,,runs/stateful/full_paper/exp5_throughput_overhead_llama3_hf/hf_measurements/meta-llama_Meta-Llama-3-8B-Instruct/ctx4096_out128_s0/metrics.json,False,measured_profile_simulation,,https://github.com/FastMAS/KVCOMM,31.3491294948617,0.7,8,8,2,2,2,cuda,balanced,"{""lm_head"": ""1"", ""model.embed_tokens"": ""0"", ""model.layers.0"": ""0"", ""model.layers.1"": ""0"", ""model.layers.10"": ""0"", ""model.layers.11"": ""0"", ""model.layers.12"": ""0"", ""model.layers.13"": ""0"", ""model.layers.14"": ""1"", ""model.layers.15"": ""1"", ""model.layers.16"": ""1"", ""model.layers.17"": ""1"", ""model.layers.18"": ""1"", ""model.layers.19"": ""1"", ""model.layers.2"": ""0"", ""model.layers.20"": ""1"", ""model.layers.21"": ""1"", ""model.layers.22"": ""1"", ""model.layers.23"": ""1"", ""model.layers.24"": ""1"", ""model.layers.25"": ""1"", ""model.layers.26"": ""1"", ""model.layers.27"": ""1"", ""model.layers.28"": ""1"", ""model.layers.29"": ""1"", ""model.layers.3"": ""0"", ""model.layers.30"": ""1"", ""model.layers.31"": ""1"", ""model.layers.4"": ""0"", ""model.layers.5"": ""0"", ""model.layers.6"": ""0"", ""model.layers.7"": ""0"", ""model.layers.8"": ""0"", ""model.layers.9"": ""0"", ""model.norm"": ""1"", ""model.rotary_emb"": ""1""}",0.38875408599778893
multi_4a9c0cb1b002,0,meta-llama/Meta-Llama-3-8B-Instruct,hf_measured,distserve_style,4096,128,16,4,32,True,False,,0.056451033588764916,8997.943870229758,12.440130751929246,8940.449554435909,44.746985041920006,0.2048,0.1024,29.1337669784004,553648128,35987128320,1116154626048,0.0,32,2016,64,796.1683681234717,2.1964605858875075,,,,,runs/stateful/full_paper/exp5_throughput_overhead_llama3_hf/hf_measurements/meta-llama_Meta-Llama-3-8B-Instruct/ctx4096_out128_s0/metrics.json,,,,,,,8,8,2,2,2,cuda,balanced,"{""lm_head"": ""1"", ""model.embed_tokens"": ""0"", ""model.layers.0"": ""0"", ""model.layers.1"": ""0"", ""model.layers.10"": ""0"", ""model.layers.11"": ""0"", ""model.layers.12"": ""0"", ""model.layers.13"": ""0"", ""model.layers.14"": ""1"", ""model.layers.15"": ""1"", ""model.layers.16"": ""1"", ""model.layers.17"": ""1"", ""model.layers.18"": ""1"", ""model.layers.19"": ""1"", ""model.layers.2"": ""0"", ""model.layers.20"": ""1"", ""model.layers.21"": ""1"", ""model.layers.22"": ""1"", ""model.layers.23"": ""1"", ""model.layers.24"": ""1"", ""model.layers.25"": ""1"", ""model.layers.26"": ""1"", ""model.layers.27"": ""1"", ""model.layers.28"": ""1"", ""model.layers.29"": ""1"", ""model.layers.3"": ""0"", ""model.layers.30"": ""1"", ""model.layers.31"": ""1"", ""model.layers.4"": ""0"", ""model.layers.5"": ""0"", ""model.layers.6"": ""0"", ""model.layers.7"": ""0"", ""model.layers.8"": ""0"", ""model.layers.9"": ""0"", ""model.norm"": ""1"", ""model.rotary_emb"": ""1""}",0.38875408599778893
