config,chunks,load_s,transform_s,embed_s,upsert_s,total_s,physical_workers,world_size
AsyncParallelOnly,100000000,5.361889403313398,6.709396122023463,24.66725044697523,2.430837716907263,33.245317025110126,512,512
DaskScalableRAG,100000000,8.789921707008034,4.868425490101799,13.556176053825766,38.584543163888156,51.02632144303061,512,512
BulkSynchronousParallelRAG,100000000,0.6023603994399309,2.8041090390179306,5.503956428030506,1.435956893954426,8.988398957066238,512,512
HigressRAG,100000000,0.5073467083275318,2.7149316028226167,4.526118001900613,2.402267419034615,9.06302244705148,512,512
AgenticDRC,100000000,0.49547856859862804,2.5234592091292143,3.837508236989379,2.260657237842679,7.514385208021849,512,512
