config,chunks,load_s,transform_s,embed_s,upsert_s,total_s,physical_workers,world_size
AsyncParallelOnly,48640000,7.148444654420018,3.2887525502592325,19.88587022293359,1.8578100837767124,26.275531467050314,512,512
DaskScalableRAG,48640000,9.19997261883691,3.0345938256941736,6.079352455912158,17.253104391042143,27.561826968565583,512,512
BulkSynchronousParallelRAG,48640000,2.7474768799729645,1.7173032078426331,2.8536739218980074,0.5804500677622855,5.816357729956508,512,512
HigressRAG,48640000,2.2513933898881078,1.7178720941301435,2.073241986334324,1.3711942471563816,4.833083200035617,512,512
AgenticDRC,48640000,3.1053819488734007,0.7441955422982574,0.8796082613989711,0.10858310293406248,3.7673191344365478,512,512
