config,chunks,load_s,transform_s,embed_s,upsert_s,total_s,physical_workers,world_size
AsyncParallelOnly,24320000,4.321104947011918,4.23571902140975,10.88329448364675,1.341365085914731,18.698813447728753,256,256
DaskScalableRAG,24320000,8.45188502036035,2.4789687395095825,7.051525352522731,16.397958897054195,24.62666580732912,256,256
BulkSynchronousParallelRAG,24320000,2.2895914372056723,1.2049417179077864,2.209566887933761,0.5749143538996577,5.344365123193711,256,256
HigressRAG,24320000,2.615672351093963,1.0032701240852475,2.4071524860337377,1.3548510521650314,5.287781314924359,256,256
AgenticDRC,24320000,2.8822187799960375,0.6174442118499428,0.4150762378703803,0.09629518399015069,3.149860691279173,256,256
