config,chunks,load_s,transform_s,embed_s,upsert_s,total_s,physical_workers,world_size
AsyncParallelOnly,100000000,9.713556051254272,1.7390450588427484,13.803948116023093,0.950796450022608,21.05813790485263,2048,2048
DaskScalableRAG,100000000,7.519030777737498,1.565213043242693,3.7349743549712002,13.86184085579589,19.337679573334754,2048,2048
BulkSynchronousParallelRAG,100000000,0.232505870051682,1.1667746398597956,1.6089132484048605,0.4394820190500468,2.8572623217478395,2048,2048
HigressRAG,100000000,0.1958347037434578,1.1345328260213137,1.206637879833579,1.0041278628632426,2.9389132391661406,2048,2048
AgenticDRC,100000000,0.18625205382704735,0.8777526207268238,1.3231685059145093,0.48883923096582294,2.092490112874657,2048,2048
