config,chunks,load_s,transform_s,embed_s,upsert_s,total_s,physical_workers,world_size
AsyncParallelOnly,100000000,3.589202620089054,13.576729132095352,66.22431469196454,7.005179096013308,83.26589484210126,256,256
DaskScalableRAG,100000000,8.517878396902233,7.498003961984068,26.431323031894863,70.55804961547256,95.48598066810519,256,256
BulkSynchronousParallelRAG,100000000,0.9298520870506763,3.876286754384637,11.706276569981128,2.7586844130419195,16.810016458155587,256,256
HigressRAG,100000000,1.12849937309511,4.099769062129781,7.173913487000391,2.440187584143132,14.575530957896262,256,256
AgenticDRC,100000000,0.8762440960854292,5.266757045406848,8.523102756589651,3.103933131089434,13.652879938483238,256,256
