config,chunks,load_s,transform_s,embed_s,upsert_s,total_s,physical_workers,world_size
AsyncParallelOnly,49152000,11.16643700748682,0.9366763420403004,3.5137444147840142,0.4892530622892082,13.63882775977254,2048,2048
DaskScalableRAG,49152000,5.909278139937669,0.8600287539884448,2.120931733865291,6.546271630097181,12.572980196680874,2048,2048
BulkSynchronousParallelRAG,49152000,0.8433291190303862,0.5258407518267632,0.9280421379953623,0.16264175507239997,2.323103887028992,2048,2048
HigressRAG,49152000,0.8251866772770882,0.6077323788776994,0.6345991240814328,0.6253864727914333,1.6846561613492668,2048,2048
AgenticDRC,49152000,0.6206547301262617,0.6639253161847591,0.30388027988374233,0.10919039277359843,1.3751436499878764,2048,2048
