engine,scenario,count,cache_hit_rate,semantic_cache_lookup_ms_avg,retrieval_ms_avg,memory_load_ms_avg,memory_store_ms_avg,llm_generation_ms_avg,total_ms_avg,total_ms_p50,total_ms_p95,tokens_generated_avg
AgenticRAG,llm_generation,2048,0.0,0.00038801135815447196,1.4804823208578455,0.022583871214010287,0.023308509298658464,26.533508990269183,28.122356986841623,29.154349584132433,30.012173717841506,72.2744140625
AgenticRAG,non_cached_complex_query,2048,0.0,0.0003899758667103015,2.079214935292839,0.022860822355141863,0.02369696403548005,27.97318222155809,30.18412506480672,30.42436297982931,30.678434390574694,79.46533203125
AgenticRAG,retrieval_hybrid,2048,0.0,0.000336558969138423,1.2579223043758248,0.016966439488896867,0.009109043276112061,0.0,1.3282647687447025,1.4637289568781853,1.7043173778802154,0.0
AgenticRAG,semantic_cache_lookup,2048,1.0,0.000394760263588978,0.0,0.0,0.0,0.0,0.02868656292775995,0.03276113420724869,0.03787293098866939,0.0
HigressRAG,llm_generation,2048,0.0,0.0003062614268856123,21.546762650814344,0.0,0.0,46.60990417642097,68.22932146860694,69.2557436414063,70.1265312731266,72.2744140625
HigressRAG,non_cached_complex_query,2048,0.0,0.0003133072823402472,22.163337733218214,0.0,0.0,48.052087322048465,70.31335321789811,70.5326795578003,70.80363952554762,79.46533203125
HigressRAG,retrieval_hybrid,2048,0.0,0.0002697693162190262,21.39881023322232,0.0,0.0,0.0,21.446548036692548,21.5746876783669,21.837141923606396,0.0
HigressRAG,semantic_cache_lookup,2048,1.0,0.0004976313903171103,0.0,0.0,0.0,0.0,0.030563661312044133,0.03393646329641342,0.04073027521371841,0.0
