config,chunks,load_s,transform_s,embed_s,upsert_s,total_s,physical_workers,world_size
AsyncParallelOnly,12160000,3.903048489242792,4.201244754716754,13.339109764900059,0.8345660381019115,17.56434365687892,128,128
DaskScalableRAG,12160000,8.963661072775722,2.5480529288761318,7.047105142381042,15.014209074899554,24.214496506378055,128,128
BulkSynchronousParallelRAG,12160000,1.878894800785929,1.0363405409734696,2.8137873969972134,0.43704191967844963,4.843564262613654,128,128
HigressRAG,12160000,1.9205025439150631,0.8775511528365314,2.7726395879872143,1.6228649797849357,5.228441745042801,128,128
AgenticDRC,12160000,2.5400694410782307,0.49987537786364555,0.46461367048323154,0.06608964689075947,3.0635288394987583,128,128
