framework,runtime_mode,documents_loaded,chunks,generated_prompts,generated_tokens,load_s,transform_s,generation_s,tokens_per_second,embed_s,upsert_s,total_s,repeat_index
LangChain,distributed,256,200000,512,32768,0.023623316548764706,0.005663077346980572,0.3455712078139186,94822.71456378028,1.1488627716898918,0.1403428502380848,1.6447022799402475,0
LangGraph,distributed,256,200000,512,32768,0.017878014594316483,0.007530844770371914,0.34966849721968174,93711.61617517196,1.1396068325266242,0.13642525486648083,1.6142397643998265,0
CrewAI,distributed,256,200000,512,32768,0.01080023031681776,0.009967632591724396,0.34876231849193573,93955.10427184432,1.1453196732327342,0.13263878226280212,1.6254623215645552,0
AutoGen,distributed,256,200000,512,32768,0.012608658522367477,0.01023021712899208,0.3464609533548355,94579.2005786001,1.1361606316640973,0.1351624196395278,1.6135026160627604,0
AgenticDRC,distributed,256,200000,512,32768,0.01132912840694189,0.011454461142420769,0.339368992485106,96555.66868395645,0.4855596115812659,0.048801084980368614,0.8747549783438444,0
