framework,documents_loaded,generated_tokens,load_s,transform_s,tokens_per_second,embed_s,upsert_s,total_s
LangChain,256,32768,0.023623316548764706,0.005663077346980572,94822.71456378028,1.1488627716898918,0.1403428502380848,1.6447022799402475
LangGraph,256,32768,0.017878014594316483,0.007530844770371914,93711.61617517196,1.1396068325266242,0.13642525486648083,1.6142397643998265
CrewAI,256,32768,0.01080023031681776,0.009967632591724396,93955.10427184432,1.1453196732327342,0.13263878226280212,1.6254623215645552
AutoGen,256,32768,0.012608658522367477,0.01023021712899208,94579.2005786001,1.1361606316640973,0.1351624196395278,1.6135026160627604
AgenticDRC,256,32768,0.01132912840694189,0.011454461142420769,96555.66868395645,0.4855596115812659,0.048801084980368614,0.8747549783438444
