config,chunks,load_s,transform_s,embed_s,upsert_s,total_s,physical_workers,world_size
AsyncParallelOnly,100000000,4.300313184037805,26.24827022315003,89.52106325514615,10.387502408120781,114.29798660310917,128,128
DaskScalableRAG,100000000,8.668327587191015,12.428523439215496,42.995933378115296,152.7078726310283,192.66023553395644,128,128
BulkSynchronousParallelRAG,100000000,1.6240195198915899,6.60337539575994,25.603484909050167,4.942828954197466,37.66982901701704,128,128
HigressRAG,100000000,1.4272312431130558,7.722870072349906,20.645993450190872,5.6701725563034415,32.03578774584457,128,128
AgenticDRC,100000000,1.4691062830388546,7.288776144385338,18.434637871105224,7.17956652585417,30.944170818198472,128,128
