run_id,seed,model_id,backend,workload_name,context_tokens,output_tokens,num_agents,branch_factor,num_prompts,available,skipped,reason,ttft_sec,total_latency_sec,prefill_sec,decode_sec,transfer_sec,resume_sec,omega_sec,throughput_tokens_per_sec,kv_total_bytes,kv_peak_bytes,kv_transferred_bytes,kv_reuse_ratio,materialize_count,transfer_count,branch_instances,dense_prefill_sec,stateful_prefill_sec,tpot_sec,itl_sec,e2el_sec,request_throughput_req_per_sec,source_metrics_path,kvcomm_available,kvcomm_mode,kvcomm_repo,kvcomm_reference,kvcomm_anchor_overhead_sec,kvcomm_reuse_fraction,stateful_parallel_width,stateful_parallel_waves,hf_cuda_device_count,hf_active_cuda_devices,hf_tensor_parallel_size,hf_device,hf_device_map_requested,hf_device_map_effective,hf_prefill_ttft_sec
multi_0137bfc1963b,0,mistralai/Mistral-7B-Instruct-v0.3,hf_measured,AAFLOW+,1024,64,4,4,32,True,False,,0.035117014078113885,141.8255286028294,2.2328741239949528,139.51539641595446,0.06765806288000001,0.0064,0.0032,231.04444117225228,142606336,463470586,12085886790,0.9375,1,480,16,202.34186751954257,2.2328741239949528,,,,,runs/stateful/full_paper/exp5_throughput_overhead_mistral_hf/hf_measurements/mistralai_Mistral-7B-Instruct-v0.3/ctx1024_out64_s0/metrics.json,,,,,,,8,2,2,2,2,cuda,balanced,"{""lm_head"": ""1"", ""model.embed_tokens"": ""0"", ""model.layers.0"": ""0"", ""model.layers.1"": ""0"", ""model.layers.10"": ""0"", ""model.layers.11"": ""0"", ""model.layers.12"": ""0"", ""model.layers.13"": ""0"", ""model.layers.14"": ""0"", ""model.layers.15"": ""0"", ""model.layers.16"": ""1"", ""model.layers.17"": ""1"", ""model.layers.18"": ""1"", ""model.layers.19"": ""1"", ""model.layers.2"": ""0"", ""model.layers.20"": ""1"", ""model.layers.21"": ""1"", ""model.layers.22"": ""1"", ""model.layers.23"": ""1"", ""model.layers.24"": ""1"", ""model.layers.25"": ""1"", ""model.layers.26"": ""1"", ""model.layers.27"": ""1"", ""model.layers.28"": ""1"", ""model.layers.29"": ""1"", ""model.layers.3"": ""0"", ""model.layers.30"": ""1"", ""model.layers.31"": ""1"", ""model.layers.4"": ""0"", ""model.layers.5"": ""0"", ""model.layers.6"": ""0"", ""model.layers.7"": ""0"", ""model.layers.8"": ""0"", ""model.layers.9"": ""0"", ""model.norm"": ""1"", ""model.rotary_emb"": ""1""}",0.3951989599991066
multi_1bae1ca1cbb3,0,mistralai/Mistral-7B-Instruct-v0.3,hf_measured,dense_prefill,1024,64,4,4,32,True,False,,0.42931033607722047,1318.4906388471782,202.34186751954257,1116.1231713276356,0.0,0.0,0.0008,24.852660333372324,142606336,2281701376,0,0.0,16,0,16,202.34186751954257,2.2328741239949528,,,,,runs/stateful/full_paper/exp5_throughput_overhead_mistral_hf/hf_measurements/mistralai_Mistral-7B-Instruct-v0.3/ctx1024_out64_s0/metrics.json,,,,,,,8,2,2,2,2,cuda,balanced,"{""lm_head"": ""1"", ""model.embed_tokens"": ""0"", ""model.layers.0"": ""0"", ""model.layers.1"": ""0"", ""model.layers.10"": ""0"", ""model.layers.11"": ""0"", ""model.layers.12"": ""0"", ""model.layers.13"": ""0"", ""model.layers.14"": ""0"", ""model.layers.15"": ""0"", ""model.layers.16"": ""1"", ""model.layers.17"": ""1"", ""model.layers.18"": ""1"", ""model.layers.19"": ""1"", ""model.layers.2"": ""0"", ""model.layers.20"": ""1"", ""model.layers.21"": ""1"", ""model.layers.22"": ""1"", ""model.layers.23"": ""1"", ""model.layers.24"": ""1"", ""model.layers.25"": ""1"", ""model.layers.26"": ""1"", ""model.layers.27"": ""1"", ""model.layers.28"": ""1"", ""model.layers.29"": ""1"", ""model.layers.3"": ""0"", ""model.layers.30"": ""1"", ""model.layers.31"": ""1"", ""model.layers.4"": ""0"", ""model.layers.5"": ""0"", ""model.layers.6"": ""0"", ""model.layers.7"": ""0"", ""model.layers.8"": ""0"", ""model.layers.9"": ""0"", ""model.norm"": ""1"", ""model.rotary_emb"": ""1""}",0.3951989599991066
multi_d92b77b7324b,0,mistralai/Mistral-7B-Instruct-v0.3,hf_measured,aaflow_text,1024,64,4,4,32,True,False,,0.4372143152772026,1322.537476197569,202.34186751954257,1116.1231713276356,0.0,0.0,4.072437350390851,24.776613585432273,142606336,2464237486,0,0.0,512,0,16,202.34186751954257,2.2328741239949528,,,,,runs/stateful/full_paper/exp5_throughput_overhead_mistral_hf/hf_measurements/mistralai_Mistral-7B-Instruct-v0.3/ctx1024_out64_s0/metrics.json,,,,,,,8,2,2,2,2,cuda,balanced,"{""lm_head"": ""1"", ""model.embed_tokens"": ""0"", ""model.layers.0"": ""0"", ""model.layers.1"": ""0"", ""model.layers.10"": ""0"", ""model.layers.11"": ""0"", ""model.layers.12"": ""0"", ""model.layers.13"": ""0"", ""model.layers.14"": ""0"", ""model.layers.15"": ""0"", ""model.layers.16"": ""1"", ""model.layers.17"": ""1"", ""model.layers.18"": ""1"", ""model.layers.19"": ""1"", ""model.layers.2"": ""0"", ""model.layers.20"": ""1"", ""model.layers.21"": ""1"", ""model.layers.22"": ""1"", ""model.layers.23"": ""1"", ""model.layers.24"": ""1"", ""model.layers.25"": ""1"", ""model.layers.26"": ""1"", ""model.layers.27"": ""1"", ""model.layers.28"": ""1"", ""model.layers.29"": ""1"", ""model.layers.3"": ""0"", ""model.layers.30"": ""1"", ""model.layers.31"": ""1"", ""model.layers.4"": ""0"", ""model.layers.5"": ""0"", ""model.layers.6"": ""0"", ""model.layers.7"": ""0"", ""model.layers.8"": ""0"", ""model.layers.9"": ""0"", ""model.norm"": ""1"", ""model.rotary_emb"": ""1""}",0.3951989599991066
multi_3c535f709661,0,mistralai/Mistral-7B-Instruct-v0.3,hf_measured,vllm_local_prefix,1024,64,4,4,32,True,False,,0.13300486607789053,1105.8928362850556,12.01404838397284,1093.800707901083,0.0,0.0512,0.02688,29.630357413359445,142606336,827116744,0,0.9375,32,0,16,202.34186751954257,2.2328741239949528,,,,,runs/stateful/full_paper/exp5_throughput_overhead_mistral_hf/hf_measurements/mistralai_Mistral-7B-Instruct-v0.3/ctx1024_out64_s0/metrics.json,,,,,,,8,2,2,2,2,cuda,balanced,"{""lm_head"": ""1"", ""model.embed_tokens"": ""0"", ""model.layers.0"": ""0"", ""model.layers.1"": ""0"", ""model.layers.10"": ""0"", ""model.layers.11"": ""0"", ""model.layers.12"": ""0"", ""model.layers.13"": ""0"", ""model.layers.14"": ""0"", ""model.layers.15"": ""0"", ""model.layers.16"": ""1"", ""model.layers.17"": ""1"", ""model.layers.18"": ""1"", ""model.layers.19"": ""1"", ""model.layers.2"": ""0"", ""model.layers.20"": ""1"", ""model.layers.21"": ""1"", ""model.layers.22"": ""1"", ""model.layers.23"": ""1"", ""model.layers.24"": ""1"", ""model.layers.25"": ""1"", ""model.layers.26"": ""1"", ""model.layers.27"": ""1"", ""model.layers.28"": ""1"", ""model.layers.29"": ""1"", ""model.layers.3"": ""0"", ""model.layers.30"": ""1"", ""model.layers.31"": ""1"", ""model.layers.4"": ""0"", ""model.layers.5"": ""0"", ""model.layers.6"": ""0"", ""model.layers.7"": ""0"", ""model.layers.8"": ""0"", ""model.layers.9"": ""0"", ""model.norm"": ""1"", ""model.rotary_emb"": ""1""}",0.3951989599991066
multi_8451351dfaf1,0,mistralai/Mistral-7B-Instruct-v0.3,hf_measured,sglang_prefix,1024,64,4,4,32,True,False,,0.10336494407795752,1082.9393345225046,11.381730047974271,1071.4782444745301,0.0,0.0512,0.028160000000000004,30.25838932561097,142606336,827116744,0,0.9375,32,0,16,202.34186751954257,2.2328741239949528,,,,,runs/stateful/full_paper/exp5_throughput_overhead_mistral_hf/hf_measurements/mistralai_Mistral-7B-Instruct-v0.3/ctx1024_out64_s0/metrics.json,,,,,,,8,2,2,2,2,cuda,balanced,"{""lm_head"": ""1"", ""model.embed_tokens"": ""0"", ""model.layers.0"": ""0"", ""model.layers.1"": ""0"", ""model.layers.10"": ""0"", ""model.layers.11"": ""0"", ""model.layers.12"": ""0"", ""model.layers.13"": ""0"", ""model.layers.14"": ""0"", ""model.layers.15"": ""0"", ""model.layers.16"": ""1"", ""model.layers.17"": ""1"", ""model.layers.18"": ""1"", ""model.layers.19"": ""1"", ""model.layers.2"": ""0"", ""model.layers.20"": ""1"", ""model.layers.21"": ""1"", ""model.layers.22"": ""1"", ""model.layers.23"": ""1"", ""model.layers.24"": ""1"", ""model.layers.25"": ""1"", ""model.layers.26"": ""1"", ""model.layers.27"": ""1"", ""model.layers.28"": ""1"", ""model.layers.29"": ""1"", ""model.layers.3"": ""0"", ""model.layers.30"": ""1"", ""model.layers.31"": ""1"", ""model.layers.4"": ""0"", ""model.layers.5"": ""0"", ""model.layers.6"": ""0"", ""model.layers.7"": ""0"", ""model.layers.8"": ""0"", ""model.layers.9"": ""0"", ""model.norm"": ""1"", ""model.rotary_emb"": ""1""}",0.3951989599991066
multi_a08f6396c97f,0,mistralai/Mistral-7B-Instruct-v0.3,hf_measured,kvcomm_prefix,1024,64,4,4,32,True,False,,0.16847902247781013,1193.2916083194611,69.55501695984276,1116.1231713276356,0.0,0.0,7.613420031982846,27.46017802483996,142606336,784334848,0,0.65625,32,0,16,202.34186751954257,69.55501695984276,,,,,runs/stateful/full_paper/exp5_throughput_overhead_mistral_hf/hf_measurements/mistralai_Mistral-7B-Instruct-v0.3/ctx1024_out64_s0/metrics.json,False,measured_profile_simulation,,https://github.com/FastMAS/KVCOMM,7.587820031982846,0.7,8,2,2,2,2,cuda,balanced,"{""lm_head"": ""1"", ""model.embed_tokens"": ""0"", ""model.layers.0"": ""0"", ""model.layers.1"": ""0"", ""model.layers.10"": ""0"", ""model.layers.11"": ""0"", ""model.layers.12"": ""0"", ""model.layers.13"": ""0"", ""model.layers.14"": ""0"", ""model.layers.15"": ""0"", ""model.layers.16"": ""1"", ""model.layers.17"": ""1"", ""model.layers.18"": ""1"", ""model.layers.19"": ""1"", ""model.layers.2"": ""0"", ""model.layers.20"": ""1"", ""model.layers.21"": ""1"", ""model.layers.22"": ""1"", ""model.layers.23"": ""1"", ""model.layers.24"": ""1"", ""model.layers.25"": ""1"", ""model.layers.26"": ""1"", ""model.layers.27"": ""1"", ""model.layers.28"": ""1"", ""model.layers.29"": ""1"", ""model.layers.3"": ""0"", ""model.layers.30"": ""1"", ""model.layers.31"": ""1"", ""model.layers.4"": ""0"", ""model.layers.5"": ""0"", ""model.layers.6"": ""0"", ""model.layers.7"": ""0"", ""model.layers.8"": ""0"", ""model.layers.9"": ""0"", ""model.norm"": ""1"", ""model.rotary_emb"": ""1""}",0.3951989599991066
multi_fc7341c2378a,0,mistralai/Mistral-7B-Instruct-v0.3,hf_measured,distserve_style,1024,64,4,4,32,True,False,,0.03996562951811388,1131.608379698807,12.646366719971411,1116.1231713276356,2.7620416512,0.0512,0.0256,28.957014270892593,142606336,2424307712,68451041280,0.0,32,480,16,202.34186751954257,2.2328741239949528,,,,,runs/stateful/full_paper/exp5_throughput_overhead_mistral_hf/hf_measurements/mistralai_Mistral-7B-Instruct-v0.3/ctx1024_out64_s0/metrics.json,,,,,,,8,2,2,2,2,cuda,balanced,"{""lm_head"": ""1"", ""model.embed_tokens"": ""0"", ""model.layers.0"": ""0"", ""model.layers.1"": ""0"", ""model.layers.10"": ""0"", ""model.layers.11"": ""0"", ""model.layers.12"": ""0"", ""model.layers.13"": ""0"", ""model.layers.14"": ""0"", ""model.layers.15"": ""0"", ""model.layers.16"": ""1"", ""model.layers.17"": ""1"", ""model.layers.18"": ""1"", ""model.layers.19"": ""1"", ""model.layers.2"": ""0"", ""model.layers.20"": ""1"", ""model.layers.21"": ""1"", ""model.layers.22"": ""1"", ""model.layers.23"": ""1"", ""model.layers.24"": ""1"", ""model.layers.25"": ""1"", ""model.layers.26"": ""1"", ""model.layers.27"": ""1"", ""model.layers.28"": ""1"", ""model.layers.29"": ""1"", ""model.layers.3"": ""0"", ""model.layers.30"": ""1"", ""model.layers.31"": ""1"", ""model.layers.4"": ""0"", ""model.layers.5"": ""0"", ""model.layers.6"": ""0"", ""model.layers.7"": ""0"", ""model.layers.8"": ""0"", ""model.layers.9"": ""0"", ""model.norm"": ""1"", ""model.rotary_emb"": ""1""}",0.3951989599991066
multi_aa99e65219c3,0,mistralai/Mistral-7B-Instruct-v0.3,hf_measured,AAFLOW+,1024,64,8,4,32,True,False,,0.035117014078113885,281.41818308166387,2.2328741239949528,279.0307928319089,0.13531612576000002,0.0128,0.0064,232.87763172354187,142606336,805725786,24977499366,0.96875,1,992,32,404.68373503908515,2.2328741239949528,,,,,runs/stateful/full_paper/exp5_throughput_overhead_mistral_hf/hf_measurements/mistralai_Mistral-7B-Instruct-v0.3/ctx1024_out64_s0/metrics.json,,,,,,,8,4,2,2,2,cuda,balanced,"{""lm_head"": ""1"", ""model.embed_tokens"": ""0"", ""model.layers.0"": ""0"", ""model.layers.1"": ""0"", ""model.layers.10"": ""0"", ""model.layers.11"": ""0"", ""model.layers.12"": ""0"", ""model.layers.13"": ""0"", ""model.layers.14"": ""0"", ""model.layers.15"": ""0"", ""model.layers.16"": ""1"", ""model.layers.17"": ""1"", ""model.layers.18"": ""1"", ""model.layers.19"": ""1"", ""model.layers.2"": ""0"", ""model.layers.20"": ""1"", ""model.layers.21"": ""1"", ""model.layers.22"": ""1"", ""model.layers.23"": ""1"", ""model.layers.24"": ""1"", ""model.layers.25"": ""1"", ""model.layers.26"": ""1"", ""model.layers.27"": ""1"", ""model.layers.28"": ""1"", ""model.layers.29"": ""1"", ""model.layers.3"": ""0"", ""model.layers.30"": ""1"", ""model.layers.31"": ""1"", ""model.layers.4"": ""0"", ""model.layers.5"": ""0"", ""model.layers.6"": ""0"", ""model.layers.7"": ""0"", ""model.layers.8"": ""0"", ""model.layers.9"": ""0"", ""model.norm"": ""1"", ""model.rotary_emb"": ""1""}",0.3951989599991066
multi_06180b4ce363,0,mistralai/Mistral-7B-Instruct-v0.3,hf_measured,dense_prefill,1024,64,8,4,32,True,False,,0.42931033607722047,2636.9812776943563,404.68373503908515,2232.2463426552713,0.0,0.0,0.0016,24.852660333372324,142606336,4563402752,0,0.0,32,0,32,404.68373503908515,2.2328741239949528,,,,,runs/stateful/full_paper/exp5_throughput_overhead_mistral_hf/hf_measurements/mistralai_Mistral-7B-Instruct-v0.3/ctx1024_out64_s0/metrics.json,,,,,,,8,4,2,2,2,cuda,balanced,"{""lm_head"": ""1"", ""model.embed_tokens"": ""0"", ""model.layers.0"": ""0"", ""model.layers.1"": ""0"", ""model.layers.10"": ""0"", ""model.layers.11"": ""0"", ""model.layers.12"": ""0"", ""model.layers.13"": ""0"", ""model.layers.14"": ""0"", ""model.layers.15"": ""0"", ""model.layers.16"": ""1"", ""model.layers.17"": ""1"", ""model.layers.18"": ""1"", ""model.layers.19"": ""1"", ""model.layers.2"": ""0"", ""model.layers.20"": ""1"", ""model.layers.21"": ""1"", ""model.layers.22"": ""1"", ""model.layers.23"": ""1"", ""model.layers.24"": ""1"", ""model.layers.25"": ""1"", ""model.layers.26"": ""1"", ""model.layers.27"": ""1"", ""model.layers.28"": ""1"", ""model.layers.29"": ""1"", ""model.layers.3"": ""0"", ""model.layers.30"": ""1"", ""model.layers.31"": ""1"", ""model.layers.4"": ""0"", ""model.layers.5"": ""0"", ""model.layers.6"": ""0"", ""model.layers.7"": ""0"", ""model.layers.8"": ""0"", ""model.layers.9"": ""0"", ""model.norm"": ""1"", ""model.rotary_emb"": ""1""}",0.3951989599991066
multi_5da8d6ac8ddc,0,mistralai/Mistral-7B-Instruct-v0.3,hf_measured,aaflow_text,1024,64,8,4,32,True,False,,0.4372143152772026,2645.074952395138,404.68373503908515,2232.2463426552713,0.0,0.0,8.144874700781703,24.776613585432273,142606336,4928474972,0,0.0,1024,0,32,404.68373503908515,2.2328741239949528,,,,,runs/stateful/full_paper/exp5_throughput_overhead_mistral_hf/hf_measurements/mistralai_Mistral-7B-Instruct-v0.3/ctx1024_out64_s0/metrics.json,,,,,,,8,4,2,2,2,cuda,balanced,"{""lm_head"": ""1"", ""model.embed_tokens"": ""0"", ""model.layers.0"": ""0"", ""model.layers.1"": ""0"", ""model.layers.10"": ""0"", ""model.layers.11"": ""0"", ""model.layers.12"": ""0"", ""model.layers.13"": ""0"", ""model.layers.14"": ""0"", ""model.layers.15"": ""0"", ""model.layers.16"": ""1"", ""model.layers.17"": ""1"", ""model.layers.18"": ""1"", ""model.layers.19"": ""1"", ""model.layers.2"": ""0"", ""model.layers.20"": ""1"", ""model.layers.21"": ""1"", ""model.layers.22"": ""1"", ""model.layers.23"": ""1"", ""model.layers.24"": ""1"", ""model.layers.25"": ""1"", ""model.layers.26"": ""1"", ""model.layers.27"": ""1"", ""model.layers.28"": ""1"", ""model.layers.29"": ""1"", ""model.layers.3"": ""0"", ""model.layers.30"": ""1"", ""model.layers.31"": ""1"", ""model.layers.4"": ""0"", ""model.layers.5"": ""0"", ""model.layers.6"": ""0"", ""model.layers.7"": ""0"", ""model.layers.8"": ""0"", ""model.layers.9"": ""0"", ""model.norm"": ""1"", ""model.rotary_emb"": ""1""}",0.3951989599991066
multi_5a8200b92cd4,0,mistralai/Mistral-7B-Instruct-v0.3,hf_measured,vllm_local_prefix,1024,64,8,4,32,True,False,,0.12312801707791286,2199.7716241861385,12.01404838397284,2187.601415802166,0.0,0.1024,0.05376,29.792183551893352,142606336,1654233488,0,0.96875,32,0,32,404.68373503908515,2.2328741239949528,,,,,runs/stateful/full_paper/exp5_throughput_overhead_mistral_hf/hf_measurements/mistralai_Mistral-7B-Instruct-v0.3/ctx1024_out64_s0/metrics.json,,,,,,,8,4,2,2,2,cuda,balanced,"{""lm_head"": ""1"", ""model.embed_tokens"": ""0"", ""model.layers.0"": ""0"", ""model.layers.1"": ""0"", ""model.layers.10"": ""0"", ""model.layers.11"": ""0"", ""model.layers.12"": ""0"", ""model.layers.13"": ""0"", ""model.layers.14"": ""0"", ""model.layers.15"": ""0"", ""model.layers.16"": ""1"", ""model.layers.17"": ""1"", ""model.layers.18"": ""1"", ""model.layers.19"": ""1"", ""model.layers.2"": ""0"", ""model.layers.20"": ""1"", ""model.layers.21"": ""1"", ""model.layers.22"": ""1"", ""model.layers.23"": ""1"", ""model.layers.24"": ""1"", ""model.layers.25"": ""1"", ""model.layers.26"": ""1"", ""model.layers.27"": ""1"", ""model.layers.28"": ""1"", ""model.layers.29"": ""1"", ""model.layers.3"": ""0"", ""model.layers.30"": ""1"", ""model.layers.31"": ""1"", ""model.layers.4"": ""0"", ""model.layers.5"": ""0"", ""model.layers.6"": ""0"", ""model.layers.7"": ""0"", ""model.layers.8"": ""0"", ""model.layers.9"": ""0"", ""model.norm"": ""1"", ""model.rotary_emb"": ""1""}",0.3951989599991066
multi_d51632467d8d,0,mistralai/Mistral-7B-Instruct-v0.3,hf_measured,sglang_prefix,1024,64,8,4,32,True,False,,0.09250009767798209,2154.4969389970347,11.381730047974271,2142.9564889490603,0.0,0.1024,0.05632000000000001,30.418237693346846,142606336,1654233488,0,0.96875,32,0,32,404.68373503908515,2.2328741239949528,,,,,runs/stateful/full_paper/exp5_throughput_overhead_mistral_hf/hf_measurements/mistralai_Mistral-7B-Instruct-v0.3/ctx1024_out64_s0/metrics.json,,,,,,,8,4,2,2,2,cuda,balanced,"{""lm_head"": ""1"", ""model.embed_tokens"": ""0"", ""model.layers.0"": ""0"", ""model.layers.1"": ""0"", ""model.layers.10"": ""0"", ""model.layers.11"": ""0"", ""model.layers.12"": ""0"", ""model.layers.13"": ""0"", ""model.layers.14"": ""0"", ""model.layers.15"": ""0"", ""model.layers.16"": ""1"", ""model.layers.17"": ""1"", ""model.layers.18"": ""1"", ""model.layers.19"": ""1"", ""model.layers.2"": ""0"", ""model.layers.20"": ""1"", ""model.layers.21"": ""1"", ""model.layers.22"": ""1"", ""model.layers.23"": ""1"", ""model.layers.24"": ""1"", ""model.layers.25"": ""1"", ""model.layers.26"": ""1"", ""model.layers.27"": ""1"", ""model.layers.28"": ""1"", ""model.layers.29"": ""1"", ""model.layers.3"": ""0"", ""model.layers.30"": ""1"", ""model.layers.31"": ""1"", ""model.layers.4"": ""0"", ""model.layers.5"": ""0"", ""model.layers.6"": ""0"", ""model.layers.7"": ""0"", ""model.layers.8"": ""0"", ""model.layers.9"": ""0"", ""model.norm"": ""1"", ""model.rotary_emb"": ""1""}",0.3951989599991066
multi_ce9eb41f2621,0,mistralai/Mistral-7B-Instruct-v0.3,hf_measured,kvcomm_prefix,1024,64,8,4,32,True,False,,0.16847902247781013,2378.2366146037416,130.25757721570557,2232.2463426552713,0.0,0.0,15.73269473276455,27.556551605324398,142606336,1468845260,0,0.678125,32,0,32,404.68373503908515,130.25757721570557,,,,,runs/stateful/full_paper/exp5_throughput_overhead_mistral_hf/hf_measurements/mistralai_Mistral-7B-Instruct-v0.3/ctx1024_out64_s0/metrics.json,False,measured_profile_simulation,,https://github.com/FastMAS/KVCOMM,15.68149473276455,0.7,8,4,2,2,2,cuda,balanced,"{""lm_head"": ""1"", ""model.embed_tokens"": ""0"", ""model.layers.0"": ""0"", ""model.layers.1"": ""0"", ""model.layers.10"": ""0"", ""model.layers.11"": ""0"", ""model.layers.12"": ""0"", ""model.layers.13"": ""0"", ""model.layers.14"": ""0"", ""model.layers.15"": ""0"", ""model.layers.16"": ""1"", ""model.layers.17"": ""1"", ""model.layers.18"": ""1"", ""model.layers.19"": ""1"", ""model.layers.2"": ""0"", ""model.layers.20"": ""1"", ""model.layers.21"": ""1"", ""model.layers.22"": ""1"", ""model.layers.23"": ""1"", ""model.layers.24"": ""1"", ""model.layers.25"": ""1"", ""model.layers.26"": ""1"", ""model.layers.27"": ""1"", ""model.layers.28"": ""1"", ""model.layers.29"": ""1"", ""model.layers.3"": ""0"", ""model.layers.30"": ""1"", ""model.layers.31"": ""1"", ""model.layers.4"": ""0"", ""model.layers.5"": ""0"", ""model.layers.6"": ""0"", ""model.layers.7"": ""0"", ""model.layers.8"": ""0"", ""model.layers.9"": ""0"", ""model.norm"": ""1"", ""model.rotary_emb"": ""1""}",0.3951989599991066
multi_f08befce5733,0,mistralai/Mistral-7B-Instruct-v0.3,hf_measured,distserve_style,1024,64,8,4,32,True,False,,0.03996562951811388,2250.754528787723,12.646366719971411,2232.2463426552713,5.70821941248,0.1024,0.0512,29.117346721633965,142606336,4706009088,141465485312,0.0,32,992,32,404.68373503908515,2.2328741239949528,,,,,runs/stateful/full_paper/exp5_throughput_overhead_mistral_hf/hf_measurements/mistralai_Mistral-7B-Instruct-v0.3/ctx1024_out64_s0/metrics.json,,,,,,,8,4,2,2,2,cuda,balanced,"{""lm_head"": ""1"", ""model.embed_tokens"": ""0"", ""model.layers.0"": ""0"", ""model.layers.1"": ""0"", ""model.layers.10"": ""0"", ""model.layers.11"": ""0"", ""model.layers.12"": ""0"", ""model.layers.13"": ""0"", ""model.layers.14"": ""0"", ""model.layers.15"": ""0"", ""model.layers.16"": ""1"", ""model.layers.17"": ""1"", ""model.layers.18"": ""1"", ""model.layers.19"": ""1"", ""model.layers.2"": ""0"", ""model.layers.20"": ""1"", ""model.layers.21"": ""1"", ""model.layers.22"": ""1"", ""model.layers.23"": ""1"", ""model.layers.24"": ""1"", ""model.layers.25"": ""1"", ""model.layers.26"": ""1"", ""model.layers.27"": ""1"", ""model.layers.28"": ""1"", ""model.layers.29"": ""1"", ""model.layers.3"": ""0"", ""model.layers.30"": ""1"", ""model.layers.31"": ""1"", ""model.layers.4"": ""0"", ""model.layers.5"": ""0"", ""model.layers.6"": ""0"", ""model.layers.7"": ""0"", ""model.layers.8"": ""0"", ""model.layers.9"": ""0"", ""model.norm"": ""1"", ""model.rotary_emb"": ""1""}",0.3951989599991066
multi_7a662b0412fc,0,mistralai/Mistral-7B-Instruct-v0.3,hf_measured,AAFLOW+,1024,64,16,4,32,True,False,,0.035117014078113885,560.6034920393328,2.2328741239949528,558.0615856638178,0.27063225152000003,0.0256,0.0128,233.8051793491215,142606336,1490236186,50760724518,0.984375,1,2016,64,809.3674700781703,2.2328741239949528,,,,,runs/stateful/full_paper/exp5_throughput_overhead_mistral_hf/hf_measurements/mistralai_Mistral-7B-Instruct-v0.3/ctx1024_out64_s0/metrics.json,,,,,,,8,8,2,2,2,cuda,balanced,"{""lm_head"": ""1"", ""model.embed_tokens"": ""0"", ""model.layers.0"": ""0"", ""model.layers.1"": ""0"", ""model.layers.10"": ""0"", ""model.layers.11"": ""0"", ""model.layers.12"": ""0"", ""model.layers.13"": ""0"", ""model.layers.14"": ""0"", ""model.layers.15"": ""0"", ""model.layers.16"": ""1"", ""model.layers.17"": ""1"", ""model.layers.18"": ""1"", ""model.layers.19"": ""1"", ""model.layers.2"": ""0"", ""model.layers.20"": ""1"", ""model.layers.21"": ""1"", ""model.layers.22"": ""1"", ""model.layers.23"": ""1"", ""model.layers.24"": ""1"", ""model.layers.25"": ""1"", ""model.layers.26"": ""1"", ""model.layers.27"": ""1"", ""model.layers.28"": ""1"", ""model.layers.29"": ""1"", ""model.layers.3"": ""0"", ""model.layers.30"": ""1"", ""model.layers.31"": ""1"", ""model.layers.4"": ""0"", ""model.layers.5"": ""0"", ""model.layers.6"": ""0"", ""model.layers.7"": ""0"", ""model.layers.8"": ""0"", ""model.layers.9"": ""0"", ""model.norm"": ""1"", ""model.rotary_emb"": ""1""}",0.3951989599991066
multi_28d84490c76f,0,mistralai/Mistral-7B-Instruct-v0.3,hf_measured,dense_prefill,1024,64,16,4,32,True,False,,0.42931033607722047,5273.962555388713,809.3674700781703,4464.492685310543,0.0,0.0,0.0032,24.852660333372324,142606336,9126805504,0,0.0,64,0,64,809.3674700781703,2.2328741239949528,,,,,runs/stateful/full_paper/exp5_throughput_overhead_mistral_hf/hf_measurements/mistralai_Mistral-7B-Instruct-v0.3/ctx1024_out64_s0/metrics.json,,,,,,,8,8,2,2,2,cuda,balanced,"{""lm_head"": ""1"", ""model.embed_tokens"": ""0"", ""model.layers.0"": ""0"", ""model.layers.1"": ""0"", ""model.layers.10"": ""0"", ""model.layers.11"": ""0"", ""model.layers.12"": ""0"", ""model.layers.13"": ""0"", ""model.layers.14"": ""0"", ""model.layers.15"": ""0"", ""model.layers.16"": ""1"", ""model.layers.17"": ""1"", ""model.layers.18"": ""1"", ""model.layers.19"": ""1"", ""model.layers.2"": ""0"", ""model.layers.20"": ""1"", ""model.layers.21"": ""1"", ""model.layers.22"": ""1"", ""model.layers.23"": ""1"", ""model.layers.24"": ""1"", ""model.layers.25"": ""1"", ""model.layers.26"": ""1"", ""model.layers.27"": ""1"", ""model.layers.28"": ""1"", ""model.layers.29"": ""1"", ""model.layers.3"": ""0"", ""model.layers.30"": ""1"", ""model.layers.31"": ""1"", ""model.layers.4"": ""0"", ""model.layers.5"": ""0"", ""model.layers.6"": ""0"", ""model.layers.7"": ""0"", ""model.layers.8"": ""0"", ""model.layers.9"": ""0"", ""model.norm"": ""1"", ""model.rotary_emb"": ""1""}",0.3951989599991066
multi_483451da8bad,0,mistralai/Mistral-7B-Instruct-v0.3,hf_measured,aaflow_text,1024,64,16,4,32,True,False,,0.4372143152772026,5290.149904790276,809.3674700781703,4464.492685310543,0.0,0.0,16.289749401563405,24.776613585432273,142606336,9856949944,0,0.0,2048,0,64,809.3674700781703,2.2328741239949528,,,,,runs/stateful/full_paper/exp5_throughput_overhead_mistral_hf/hf_measurements/mistralai_Mistral-7B-Instruct-v0.3/ctx1024_out64_s0/metrics.json,,,,,,,8,8,2,2,2,cuda,balanced,"{""lm_head"": ""1"", ""model.embed_tokens"": ""0"", ""model.layers.0"": ""0"", ""model.layers.1"": ""0"", ""model.layers.10"": ""0"", ""model.layers.11"": ""0"", ""model.layers.12"": ""0"", ""model.layers.13"": ""0"", ""model.layers.14"": ""0"", ""model.layers.15"": ""0"", ""model.layers.16"": ""1"", ""model.layers.17"": ""1"", ""model.layers.18"": ""1"", ""model.layers.19"": ""1"", ""model.layers.2"": ""0"", ""model.layers.20"": ""1"", ""model.layers.21"": ""1"", ""model.layers.22"": ""1"", ""model.layers.23"": ""1"", ""model.layers.24"": ""1"", ""model.layers.25"": ""1"", ""model.layers.26"": ""1"", ""model.layers.27"": ""1"", ""model.layers.28"": ""1"", ""model.layers.29"": ""1"", ""model.layers.3"": ""0"", ""model.layers.30"": ""1"", ""model.layers.31"": ""1"", ""model.layers.4"": ""0"", ""model.layers.5"": ""0"", ""model.layers.6"": ""0"", ""model.layers.7"": ""0"", ""model.layers.8"": ""0"", ""model.layers.9"": ""0"", ""model.norm"": ""1"", ""model.rotary_emb"": ""1""}",0.3951989599991066
multi_a2a120c6a2e4,0,mistralai/Mistral-7B-Instruct-v0.3,hf_measured,vllm_local_prefix,1024,64,16,4,32,True,False,,0.11818959257792402,4387.529199988305,12.01404838397284,4375.202831604332,0.0,0.2048,0.10752,29.87376129607283,142606336,3308466976,0,0.984375,32,0,64,809.3674700781703,2.2328741239949528,,,,,runs/stateful/full_paper/exp5_throughput_overhead_mistral_hf/hf_measurements/mistralai_Mistral-7B-Instruct-v0.3/ctx1024_out64_s0/metrics.json,,,,,,,8,8,2,2,2,cuda,balanced,"{""lm_head"": ""1"", ""model.embed_tokens"": ""0"", ""model.layers.0"": ""0"", ""model.layers.1"": ""0"", ""model.layers.10"": ""0"", ""model.layers.11"": ""0"", ""model.layers.12"": ""0"", ""model.layers.13"": ""0"", ""model.layers.14"": ""0"", ""model.layers.15"": ""0"", ""model.layers.16"": ""1"", ""model.layers.17"": ""1"", ""model.layers.18"": ""1"", ""model.layers.19"": ""1"", ""model.layers.2"": ""0"", ""model.layers.20"": ""1"", ""model.layers.21"": ""1"", ""model.layers.22"": ""1"", ""model.layers.23"": ""1"", ""model.layers.24"": ""1"", ""model.layers.25"": ""1"", ""model.layers.26"": ""1"", ""model.layers.27"": ""1"", ""model.layers.28"": ""1"", ""model.layers.29"": ""1"", ""model.layers.3"": ""0"", ""model.layers.30"": ""1"", ""model.layers.31"": ""1"", ""model.layers.4"": ""0"", ""model.layers.5"": ""0"", ""model.layers.6"": ""0"", ""model.layers.7"": ""0"", ""model.layers.8"": ""0"", ""model.layers.9"": ""0"", ""model.norm"": ""1"", ""model.rotary_emb"": ""1""}",0.3951989599991066
multi_23f28a503b21,0,mistralai/Mistral-7B-Instruct-v0.3,hf_measured,sglang_prefix,1024,64,16,4,32,True,False,,0.08706767447799438,4297.612147946095,11.381730047974271,4285.9129778981205,0.0,0.2048,0.11264000000000002,30.498796887160147,142606336,3308466976,0,0.984375,32,0,64,809.3674700781703,2.2328741239949528,,,,,runs/stateful/full_paper/exp5_throughput_overhead_mistral_hf/hf_measurements/mistralai_Mistral-7B-Instruct-v0.3/ctx1024_out64_s0/metrics.json,,,,,,,8,8,2,2,2,cuda,balanced,"{""lm_head"": ""1"", ""model.embed_tokens"": ""0"", ""model.layers.0"": ""0"", ""model.layers.1"": ""0"", ""model.layers.10"": ""0"", ""model.layers.11"": ""0"", ""model.layers.12"": ""0"", ""model.layers.13"": ""0"", ""model.layers.14"": ""0"", ""model.layers.15"": ""0"", ""model.layers.16"": ""1"", ""model.layers.17"": ""1"", ""model.layers.18"": ""1"", ""model.layers.19"": ""1"", ""model.layers.2"": ""0"", ""model.layers.20"": ""1"", ""model.layers.21"": ""1"", ""model.layers.22"": ""1"", ""model.layers.23"": ""1"", ""model.layers.24"": ""1"", ""model.layers.25"": ""1"", ""model.layers.26"": ""1"", ""model.layers.27"": ""1"", ""model.layers.28"": ""1"", ""model.layers.29"": ""1"", ""model.layers.3"": ""0"", ""model.layers.30"": ""1"", ""model.layers.31"": ""1"", ""model.layers.4"": ""0"", ""model.layers.5"": ""0"", ""model.layers.6"": ""0"", ""model.layers.7"": ""0"", ""model.layers.8"": ""0"", ""model.layers.9"": ""0"", ""model.norm"": ""1"", ""model.rotary_emb"": ""1""}",0.3951989599991066
multi_e8e14940d198,0,mistralai/Mistral-7B-Instruct-v0.3,hf_measured,kvcomm_prefix,1024,64,16,4,32,True,False,,0.16847902247781013,4748.126627172302,251.66269772743112,4464.492685310543,0.0,0.0,31.971244134327957,27.6049925142916,142606336,2837866086,0,0.6890624999999999,32,0,64,809.3674700781703,251.66269772743112,,,,,runs/stateful/full_paper/exp5_throughput_overhead_mistral_hf/hf_measurements/mistralai_Mistral-7B-Instruct-v0.3/ctx1024_out64_s0/metrics.json,False,measured_profile_simulation,,https://github.com/FastMAS/KVCOMM,31.868844134327958,0.7,8,8,2,2,2,cuda,balanced,"{""lm_head"": ""1"", ""model.embed_tokens"": ""0"", ""model.layers.0"": ""0"", ""model.layers.1"": ""0"", ""model.layers.10"": ""0"", ""model.layers.11"": ""0"", ""model.layers.12"": ""0"", ""model.layers.13"": ""0"", ""model.layers.14"": ""0"", ""model.layers.15"": ""0"", ""model.layers.16"": ""1"", ""model.layers.17"": ""1"", ""model.layers.18"": ""1"", ""model.layers.19"": ""1"", ""model.layers.2"": ""0"", ""model.layers.20"": ""1"", ""model.layers.21"": ""1"", ""model.layers.22"": ""1"", ""model.layers.23"": ""1"", ""model.layers.24"": ""1"", ""model.layers.25"": ""1"", ""model.layers.26"": ""1"", ""model.layers.27"": ""1"", ""model.layers.28"": ""1"", ""model.layers.29"": ""1"", ""model.layers.3"": ""0"", ""model.layers.30"": ""1"", ""model.layers.31"": ""1"", ""model.layers.4"": ""0"", ""model.layers.5"": ""0"", ""model.layers.6"": ""0"", ""model.layers.7"": ""0"", ""model.layers.8"": ""0"", ""model.layers.9"": ""0"", ""model.norm"": ""1"", ""model.rotary_emb"": ""1""}",0.3951989599991066
multi_cdd21dc9c398,0,mistralai/Mistral-7B-Instruct-v0.3,hf_measured,distserve_style,1024,64,16,4,32,True,False,,0.03996562951811388,4489.046826965554,12.646366719971411,4464.492685310543,11.60057493504,0.2048,0.1024,29.19818060543608,142606336,9269411840,287494373376,0.0,32,2016,64,809.3674700781703,2.2328741239949528,,,,,runs/stateful/full_paper/exp5_throughput_overhead_mistral_hf/hf_measurements/mistralai_Mistral-7B-Instruct-v0.3/ctx1024_out64_s0/metrics.json,,,,,,,8,8,2,2,2,cuda,balanced,"{""lm_head"": ""1"", ""model.embed_tokens"": ""0"", ""model.layers.0"": ""0"", ""model.layers.1"": ""0"", ""model.layers.10"": ""0"", ""model.layers.11"": ""0"", ""model.layers.12"": ""0"", ""model.layers.13"": ""0"", ""model.layers.14"": ""0"", ""model.layers.15"": ""0"", ""model.layers.16"": ""1"", ""model.layers.17"": ""1"", ""model.layers.18"": ""1"", ""model.layers.19"": ""1"", ""model.layers.2"": ""0"", ""model.layers.20"": ""1"", ""model.layers.21"": ""1"", ""model.layers.22"": ""1"", ""model.layers.23"": ""1"", ""model.layers.24"": ""1"", ""model.layers.25"": ""1"", ""model.layers.26"": ""1"", ""model.layers.27"": ""1"", ""model.layers.28"": ""1"", ""model.layers.29"": ""1"", ""model.layers.3"": ""0"", ""model.layers.30"": ""1"", ""model.layers.31"": ""1"", ""model.layers.4"": ""0"", ""model.layers.5"": ""0"", ""model.layers.6"": ""0"", ""model.layers.7"": ""0"", ""model.layers.8"": ""0"", ""model.layers.9"": ""0"", ""model.norm"": ""1"", ""model.rotary_emb"": ""1""}",0.3951989599991066
multi_56c22c3f87c2,0,mistralai/Mistral-7B-Instruct-v0.3,hf_measured,AAFLOW+,1024,128,4,4,32,True,False,,0.034574498116561235,274.86207077977826,0.6068357865886356,274.1741852799896,0.0714497132,0.0064,0.0032,238.4323155758656,150994944,490733559,12796821225,0.9375,1,480,16,54.99113676697016,0.6068357865886356,,,,,runs/stateful/full_paper/exp5_throughput_overhead_mistral_hf/hf_measurements/mistralai_Mistral-7B-Instruct-v0.3/ctx1024_out128_s0/metrics.json,,,,,,,8,2,2,2,2,cuda,balanced,"{""lm_head"": ""1"", ""model.embed_tokens"": ""0"", ""model.layers.0"": ""0"", ""model.layers.1"": ""0"", ""model.layers.10"": ""0"", ""model.layers.11"": ""0"", ""model.layers.12"": ""0"", ""model.layers.13"": ""0"", ""model.layers.14"": ""0"", ""model.layers.15"": ""0"", ""model.layers.16"": ""1"", ""model.layers.17"": ""1"", ""model.layers.18"": ""1"", ""model.layers.19"": ""1"", ""model.layers.2"": ""0"", ""model.layers.20"": ""1"", ""model.layers.21"": ""1"", ""model.layers.22"": ""1"", ""model.layers.23"": ""1"", ""model.layers.24"": ""1"", ""model.layers.25"": ""1"", ""model.layers.26"": ""1"", ""model.layers.27"": ""1"", ""model.layers.28"": ""1"", ""model.layers.29"": ""1"", ""model.layers.3"": ""0"", ""model.layers.30"": ""1"", ""model.layers.31"": ""1"", ""model.layers.4"": ""0"", ""model.layers.5"": ""0"", ""model.layers.6"": ""0"", ""model.layers.7"": ""0"", ""model.layers.8"": ""0"", ""model.layers.9"": ""0"", ""model.norm"": ""1"", ""model.rotary_emb"": ""1""}",0.10740456399798859
multi_ae800ff079dc,0,mistralai/Mistral-7B-Instruct-v0.3,hf_measured,dense_prefill,1024,128,4,4,32,True,False,,0.14092309247454982,2248.410219006887,54.99113676697016,2193.393482239917,0.0,0.0,0.0008,29.147705986208763,150994944,2415919104,0,0.0,16,0,16,54.99113676697016,0.6068357865886356,,,,,runs/stateful/full_paper/exp5_throughput_overhead_mistral_hf/hf_measurements/mistralai_Mistral-7B-Instruct-v0.3/ctx1024_out128_s0/metrics.json,,,,,,,8,2,2,2,2,cuda,balanced,"{""lm_head"": ""1"", ""model.embed_tokens"": ""0"", ""model.layers.0"": ""0"", ""model.layers.1"": ""0"", ""model.layers.10"": ""0"", ""model.layers.11"": ""0"", ""model.layers.12"": ""0"", ""model.layers.13"": ""0"", ""model.layers.14"": ""0"", ""model.layers.15"": ""0"", ""model.layers.16"": ""1"", ""model.layers.17"": ""1"", ""model.layers.18"": ""1"", ""model.layers.19"": ""1"", ""model.layers.2"": ""0"", ""model.layers.20"": ""1"", ""model.layers.21"": ""1"", ""model.layers.22"": ""1"", ""model.layers.23"": ""1"", ""model.layers.24"": ""1"", ""model.layers.25"": ""1"", ""model.layers.26"": ""1"", ""model.layers.27"": ""1"", ""model.layers.28"": ""1"", ""model.layers.29"": ""1"", ""model.layers.3"": ""0"", ""model.layers.30"": ""1"", ""model.layers.31"": ""1"", ""model.layers.4"": ""0"", ""model.layers.5"": ""0"", ""model.layers.6"": ""0"", ""model.layers.7"": ""0"", ""model.layers.8"": ""0"", ""model.layers.9"": ""0"", ""model.norm"": ""1"", ""model.rotary_emb"": ""1""}",0.10740456399798859
multi_081770a45f3e,0,mistralai/Mistral-7B-Instruct-v0.3,hf_measured,aaflow_text,1024,128,4,4,32,True,False,,0.14307118375450958,2249.5100417422263,54.99113676697016,2193.393482239917,0.0,0.0,1.1254227353394033,29.13345518975453,150994944,2609192632,0,0.0,512,0,16,54.99113676697016,0.6068357865886356,,,,,runs/stateful/full_paper/exp5_throughput_overhead_mistral_hf/hf_measurements/mistralai_Mistral-7B-Instruct-v0.3/ctx1024_out128_s0/metrics.json,,,,,,,8,2,2,2,2,cuda,balanced,"{""lm_head"": ""1"", ""model.embed_tokens"": ""0"", ""model.layers.0"": ""0"", ""model.layers.1"": ""0"", ""model.layers.10"": ""0"", ""model.layers.11"": ""0"", ""model.layers.12"": ""0"", ""model.layers.13"": ""0"", ""model.layers.14"": ""0"", ""model.layers.15"": ""0"", ""model.layers.16"": ""1"", ""model.layers.17"": ""1"", ""model.layers.18"": ""1"", ""model.layers.19"": ""1"", ""model.layers.2"": ""0"", ""model.layers.20"": ""1"", ""model.layers.21"": ""1"", ""model.layers.22"": ""1"", ""model.layers.23"": ""1"", ""model.layers.24"": ""1"", ""model.layers.25"": ""1"", ""model.layers.26"": ""1"", ""model.layers.27"": ""1"", ""model.layers.28"": ""1"", ""model.layers.29"": ""1"", ""model.layers.3"": ""0"", ""model.layers.30"": ""1"", ""model.layers.31"": ""1"", ""model.layers.4"": ""0"", ""model.layers.5"": ""0"", ""model.layers.6"": ""0"", ""model.layers.7"": ""0"", ""model.layers.8"": ""0"", ""model.layers.9"": ""0"", ""model.norm"": ""1"", ""model.rotary_emb"": ""1""}",0.10740456399798859
multi_0fb962f91a74,0,mistralai/Mistral-7B-Instruct-v0.3,hf_measured,vllm_local_prefix,1024,128,4,4,32,True,False,,0.06046341947605838,2152.8687913406575,3.265098745538853,2149.5256125951187,0.0,0.0512,0.02688,30.44124205971174,150994944,875770668,0,0.9375,32,0,16,54.99113676697016,0.6068357865886356,,,,,runs/stateful/full_paper/exp5_throughput_overhead_mistral_hf/hf_measurements/mistralai_Mistral-7B-Instruct-v0.3/ctx1024_out128_s0/metrics.json,,,,,,,8,2,2,2,2,cuda,balanced,"{""lm_head"": ""1"", ""model.embed_tokens"": ""0"", ""model.layers.0"": ""0"", ""model.layers.1"": ""0"", ""model.layers.10"": ""0"", ""model.layers.11"": ""0"", ""model.layers.12"": ""0"", ""model.layers.13"": ""0"", ""model.layers.14"": ""0"", ""model.layers.15"": ""0"", ""model.layers.16"": ""1"", ""model.layers.17"": ""1"", ""model.layers.18"": ""1"", ""model.layers.19"": ""1"", ""model.layers.2"": ""0"", ""model.layers.20"": ""1"", ""model.layers.21"": ""1"", ""model.layers.22"": ""1"", ""model.layers.23"": ""1"", ""model.layers.24"": ""1"", ""model.layers.25"": ""1"", ""model.layers.26"": ""1"", ""model.layers.27"": ""1"", ""model.layers.28"": ""1"", ""model.layers.29"": ""1"", ""model.layers.3"": ""0"", ""model.layers.30"": ""1"", ""model.layers.31"": ""1"", ""model.layers.4"": ""0"", ""model.layers.5"": ""0"", ""model.layers.6"": ""0"", ""model.layers.7"": ""0"", ""model.layers.8"": ""0"", ""model.layers.9"": ""0"", ""model.norm"": ""1"", ""model.rotary_emb"": ""1""}",0.10740456399798859
multi_438078325b3b,0,mistralai/Mistral-7B-Instruct-v0.3,hf_measured,sglang_prefix,1024,128,4,4,32,True,False,,0.05240807717620923,2108.8303543934617,3.0932514431420715,2105.65774295032,0.0,0.0512,0.028160000000000004,31.076942658504816,150994944,875770668,0,0.9375,32,0,16,54.99113676697016,0.6068357865886356,,,,,runs/stateful/full_paper/exp5_throughput_overhead_mistral_hf/hf_measurements/mistralai_Mistral-7B-Instruct-v0.3/ctx1024_out128_s0/metrics.json,,,,,,,8,2,2,2,2,cuda,balanced,"{""lm_head"": ""1"", ""model.embed_tokens"": ""0"", ""model.layers.0"": ""0"", ""model.layers.1"": ""0"", ""model.layers.10"": ""0"", ""model.layers.11"": ""0"", ""model.layers.12"": ""0"", ""model.layers.13"": ""0"", ""model.layers.14"": ""0"", ""model.layers.15"": ""0"", ""model.layers.16"": ""1"", ""model.layers.17"": ""1"", ""model.layers.18"": ""1"", ""model.layers.19"": ""1"", ""model.layers.2"": ""0"", ""model.layers.20"": ""1"", ""model.layers.21"": ""1"", ""model.layers.22"": ""1"", ""model.layers.23"": ""1"", ""model.layers.24"": ""1"", ""model.layers.25"": ""1"", ""model.layers.26"": ""1"", ""model.layers.27"": ""1"", ""model.layers.28"": ""1"", ""model.layers.29"": ""1"", ""model.layers.3"": ""0"", ""model.layers.30"": ""1"", ""model.layers.31"": ""1"", ""model.layers.4"": ""0"", ""model.layers.5"": ""0"", ""model.layers.6"": ""0"", ""model.layers.7"": ""0"", ""model.layers.8"": ""0"", ""model.layers.9"": ""0"", ""model.norm"": ""1"", ""model.rotary_emb"": ""1""}",0.10740456399798859
multi_1b6aa22472be,0,mistralai/Mistral-7B-Instruct-v0.3,hf_measured,kvcomm_prefix,1024,128,4,4,32,True,False,,0.07003608023587735,2214.3844531323243,18.90320326364599,2193.393482239917,0.0,0.0,2.0877676287613807,29.595583507325042,150994944,830472192,0,0.65625,32,0,16,54.99113676697016,18.90320326364599,,,,,runs/stateful/full_paper/exp5_throughput_overhead_mistral_hf/hf_measurements/mistralai_Mistral-7B-Instruct-v0.3/ctx1024_out128_s0/metrics.json,False,measured_profile_simulation,,https://github.com/FastMAS/KVCOMM,2.062167628761381,0.7,8,2,2,2,2,cuda,balanced,"{""lm_head"": ""1"", ""model.embed_tokens"": ""0"", ""model.layers.0"": ""0"", ""model.layers.1"": ""0"", ""model.layers.10"": ""0"", ""model.layers.11"": ""0"", ""model.layers.12"": ""0"", ""model.layers.13"": ""0"", ""model.layers.14"": ""0"", ""model.layers.15"": ""0"", ""model.layers.16"": ""1"", ""model.layers.17"": ""1"", ""model.layers.18"": ""1"", ""model.layers.19"": ""1"", ""model.layers.2"": ""0"", ""model.layers.20"": ""1"", ""model.layers.21"": ""1"", ""model.layers.22"": ""1"", ""model.layers.23"": ""1"", ""model.layers.24"": ""1"", ""model.layers.25"": ""1"", ""model.layers.26"": ""1"", ""model.layers.27"": ""1"", ""model.layers.28"": ""1"", ""model.layers.29"": ""1"", ""model.layers.3"": ""0"", ""model.layers.30"": ""1"", ""model.layers.31"": ""1"", ""model.layers.4"": ""0"", ""model.layers.5"": ""0"", ""model.layers.6"": ""0"", ""model.layers.7"": ""0"", ""model.layers.8"": ""0"", ""model.layers.9"": ""0"", ""model.norm"": ""1"", ""model.rotary_emb"": ""1""}",0.10740456399798859
multi_8f6d0ed9e310,0,mistralai/Mistral-7B-Instruct-v0.3,hf_measured,distserve_style,1024,128,4,4,32,True,False,,0.03970832623656123,2199.8303312126523,3.436946047935635,2193.393482239917,2.9231029248,0.0512,0.0256,29.791388485798997,150994944,2566914048,72477573120,0.0,32,480,16,54.99113676697016,0.6068357865886356,,,,,runs/stateful/full_paper/exp5_throughput_overhead_mistral_hf/hf_measurements/mistralai_Mistral-7B-Instruct-v0.3/ctx1024_out128_s0/metrics.json,,,,,,,8,2,2,2,2,cuda,balanced,"{""lm_head"": ""1"", ""model.embed_tokens"": ""0"", ""model.layers.0"": ""0"", ""model.layers.1"": ""0"", ""model.layers.10"": ""0"", ""model.layers.11"": ""0"", ""model.layers.12"": ""0"", ""model.layers.13"": ""0"", ""model.layers.14"": ""0"", ""model.layers.15"": ""0"", ""model.layers.16"": ""1"", ""model.layers.17"": ""1"", ""model.layers.18"": ""1"", ""model.layers.19"": ""1"", ""model.layers.2"": ""0"", ""model.layers.20"": ""1"", ""model.layers.21"": ""1"", ""model.layers.22"": ""1"", ""model.layers.23"": ""1"", ""model.layers.24"": ""1"", ""model.layers.25"": ""1"", ""model.layers.26"": ""1"", ""model.layers.27"": ""1"", ""model.layers.28"": ""1"", ""model.layers.29"": ""1"", ""model.layers.3"": ""0"", ""model.layers.30"": ""1"", ""model.layers.31"": ""1"", ""model.layers.4"": ""0"", ""model.layers.5"": ""0"", ""model.layers.6"": ""0"", ""model.layers.7"": ""0"", ""model.layers.8"": ""0"", ""model.layers.9"": ""0"", ""model.norm"": ""1"", ""model.rotary_emb"": ""1""}",0.10740456399798859
multi_3deb2cbfa279,0,mistralai/Mistral-7B-Instruct-v0.3,hf_measured,AAFLOW+,1024,128,8,4,32,True,False,,0.034574498116561235,549.1173057729678,0.6068357865886356,548.3483705599792,0.1428994264,0.0128,0.0064,238.6958098424813,150994944,853121415,26446763865,0.96875,1,992,32,109.98227353394032,0.6068357865886356,,,,,runs/stateful/full_paper/exp5_throughput_overhead_mistral_hf/hf_measurements/mistralai_Mistral-7B-Instruct-v0.3/ctx1024_out128_s0/metrics.json,,,,,,,8,4,2,2,2,cuda,balanced,"{""lm_head"": ""1"", ""model.embed_tokens"": ""0"", ""model.layers.0"": ""0"", ""model.layers.1"": ""0"", ""model.layers.10"": ""0"", ""model.layers.11"": ""0"", ""model.layers.12"": ""0"", ""model.layers.13"": ""0"", ""model.layers.14"": ""0"", ""model.layers.15"": ""0"", ""model.layers.16"": ""1"", ""model.layers.17"": ""1"", ""model.layers.18"": ""1"", ""model.layers.19"": ""1"", ""model.layers.2"": ""0"", ""model.layers.20"": ""1"", ""model.layers.21"": ""1"", ""model.layers.22"": ""1"", ""model.layers.23"": ""1"", ""model.layers.24"": ""1"", ""model.layers.25"": ""1"", ""model.layers.26"": ""1"", ""model.layers.27"": ""1"", ""model.layers.28"": ""1"", ""model.layers.29"": ""1"", ""model.layers.3"": ""0"", ""model.layers.30"": ""1"", ""model.layers.31"": ""1"", ""model.layers.4"": ""0"", ""model.layers.5"": ""0"", ""model.layers.6"": ""0"", ""model.layers.7"": ""0"", ""model.layers.8"": ""0"", ""model.layers.9"": ""0"", ""model.norm"": ""1"", ""model.rotary_emb"": ""1""}",0.10740456399798859
multi_759e2358523a,0,mistralai/Mistral-7B-Instruct-v0.3,hf_measured,dense_prefill,1024,128,8,4,32,True,False,,0.14092309247454982,4496.820438013774,109.98227353394032,4386.786964479834,0.0,0.0,0.0016,29.147705986208763,150994944,4831838208,0,0.0,32,0,32,109.98227353394032,0.6068357865886356,,,,,runs/stateful/full_paper/exp5_throughput_overhead_mistral_hf/hf_measurements/mistralai_Mistral-7B-Instruct-v0.3/ctx1024_out128_s0/metrics.json,,,,,,,8,4,2,2,2,cuda,balanced,"{""lm_head"": ""1"", ""model.embed_tokens"": ""0"", ""model.layers.0"": ""0"", ""model.layers.1"": ""0"", ""model.layers.10"": ""0"", ""model.layers.11"": ""0"", ""model.layers.12"": ""0"", ""model.layers.13"": ""0"", ""model.layers.14"": ""0"", ""model.layers.15"": ""0"", ""model.layers.16"": ""1"", ""model.layers.17"": ""1"", ""model.layers.18"": ""1"", ""model.layers.19"": ""1"", ""model.layers.2"": ""0"", ""model.layers.20"": ""1"", ""model.layers.21"": ""1"", ""model.layers.22"": ""1"", ""model.layers.23"": ""1"", ""model.layers.24"": ""1"", ""model.layers.25"": ""1"", ""model.layers.26"": ""1"", ""model.layers.27"": ""1"", ""model.layers.28"": ""1"", ""model.layers.29"": ""1"", ""model.layers.3"": ""0"", ""model.layers.30"": ""1"", ""model.layers.31"": ""1"", ""model.layers.4"": ""0"", ""model.layers.5"": ""0"", ""model.layers.6"": ""0"", ""model.layers.7"": ""0"", ""model.layers.8"": ""0"", ""model.layers.9"": ""0"", ""model.norm"": ""1"", ""model.rotary_emb"": ""1""}",0.10740456399798859
multi_ed477d617d6c,0,mistralai/Mistral-7B-Instruct-v0.3,hf_measured,aaflow_text,1024,128,8,4,32,True,False,,0.14307118375450958,4499.020083484453,109.98227353394032,4386.786964479834,0.0,0.0,2.2508454706788066,29.13345518975453,150994944,5218385264,0,0.0,1024,0,32,109.98227353394032,0.6068357865886356,,,,,runs/stateful/full_paper/exp5_throughput_overhead_mistral_hf/hf_measurements/mistralai_Mistral-7B-Instruct-v0.3/ctx1024_out128_s0/metrics.json,,,,,,,8,4,2,2,2,cuda,balanced,"{""lm_head"": ""1"", ""model.embed_tokens"": ""0"", ""model.layers.0"": ""0"", ""model.layers.1"": ""0"", ""model.layers.10"": ""0"", ""model.layers.11"": ""0"", ""model.layers.12"": ""0"", ""model.layers.13"": ""0"", ""model.layers.14"": ""0"", ""model.layers.15"": ""0"", ""model.layers.16"": ""1"", ""model.layers.17"": ""1"", ""model.layers.18"": ""1"", ""model.layers.19"": ""1"", ""model.layers.2"": ""0"", ""model.layers.20"": ""1"", ""model.layers.21"": ""1"", ""model.layers.22"": ""1"", ""model.layers.23"": ""1"", ""model.layers.24"": ""1"", ""model.layers.25"": ""1"", ""model.layers.26"": ""1"", ""model.layers.27"": ""1"", ""model.layers.28"": ""1"", ""model.layers.29"": ""1"", ""model.layers.3"": ""0"", ""model.layers.30"": ""1"", ""model.layers.31"": ""1"", ""model.layers.4"": ""0"", ""model.layers.5"": ""0"", ""model.layers.6"": ""0"", ""model.layers.7"": ""0"", ""model.layers.8"": ""0"", ""model.layers.9"": ""0"", ""model.norm"": ""1"", ""model.rotary_emb"": ""1""}",0.10740456399798859
multi_e70cb7db3f29,0,mistralai/Mistral-7B-Instruct-v0.3,hf_measured,vllm_local_prefix,1024,128,8,4,32,True,False,,0.05778143037610867,4302.472483935776,3.265098745538853,4299.051225190237,0.0,0.1024,0.05376,30.4643435813677,150994944,1751541336,0,0.96875,32,0,32,109.98227353394032,0.6068357865886356,,,,,runs/stateful/full_paper/exp5_throughput_overhead_mistral_hf/hf_measurements/mistralai_Mistral-7B-Instruct-v0.3/ctx1024_out128_s0/metrics.json,,,,,,,8,4,2,2,2,cuda,balanced,"{""lm_head"": ""1"", ""model.embed_tokens"": ""0"", ""model.layers.0"": ""0"", ""model.layers.1"": ""0"", ""model.layers.10"": ""0"", ""model.layers.11"": ""0"", ""model.layers.12"": ""0"", ""model.layers.13"": ""0"", ""model.layers.14"": ""0"", ""model.layers.15"": ""0"", ""model.layers.16"": ""1"", ""model.layers.17"": ""1"", ""model.layers.18"": ""1"", ""model.layers.19"": ""1"", ""model.layers.2"": ""0"", ""model.layers.20"": ""1"", ""model.layers.21"": ""1"", ""model.layers.22"": ""1"", ""model.layers.23"": ""1"", ""model.layers.24"": ""1"", ""model.layers.25"": ""1"", ""model.layers.26"": ""1"", ""model.layers.27"": ""1"", ""model.layers.28"": ""1"", ""model.layers.29"": ""1"", ""model.layers.3"": ""0"", ""model.layers.30"": ""1"", ""model.layers.31"": ""1"", ""model.layers.4"": ""0"", ""model.layers.5"": ""0"", ""model.layers.6"": ""0"", ""model.layers.7"": ""0"", ""model.layers.8"": ""0"", ""model.layers.9"": ""0"", ""model.norm"": ""1"", ""model.rotary_emb"": ""1""}",0.10740456399798859
multi_19e32b4ffb59,0,mistralai/Mistral-7B-Instruct-v0.3,hf_measured,sglang_prefix,1024,128,8,4,32,True,False,,0.04945757666626455,4214.567457343782,3.0932514431420715,4211.31548590064,0.0,0.1024,0.05632000000000001,31.09975135683502,150994944,1751541336,0,0.96875,32,0,32,109.98227353394032,0.6068357865886356,,,,,runs/stateful/full_paper/exp5_throughput_overhead_mistral_hf/hf_measurements/mistralai_Mistral-7B-Instruct-v0.3/ctx1024_out128_s0/metrics.json,,,,,,,8,4,2,2,2,cuda,balanced,"{""lm_head"": ""1"", ""model.embed_tokens"": ""0"", ""model.layers.0"": ""0"", ""model.layers.1"": ""0"", ""model.layers.10"": ""0"", ""model.layers.11"": ""0"", ""model.layers.12"": ""0"", ""model.layers.13"": ""0"", ""model.layers.14"": ""0"", ""model.layers.15"": ""0"", ""model.layers.16"": ""1"", ""model.layers.17"": ""1"", ""model.layers.18"": ""1"", ""model.layers.19"": ""1"", ""model.layers.2"": ""0"", ""model.layers.20"": ""1"", ""model.layers.21"": ""1"", ""model.layers.22"": ""1"", ""model.layers.23"": ""1"", ""model.layers.24"": ""1"", ""model.layers.25"": ""1"", ""model.layers.26"": ""1"", ""model.layers.27"": ""1"", ""model.layers.28"": ""1"", ""model.layers.29"": ""1"", ""model.layers.3"": ""0"", ""model.layers.30"": ""1"", ""model.layers.31"": ""1"", ""model.layers.4"": ""0"", ""model.layers.5"": ""0"", ""model.layers.6"": ""0"", ""model.layers.7"": ""0"", ""model.layers.8"": ""0"", ""model.layers.9"": ""0"", ""model.norm"": ""1"", ""model.rotary_emb"": ""1""}",0.10740456399798859
multi_c1524d2ea176,0,mistralai/Mistral-7B-Instruct-v0.3,hf_measured,kvcomm_prefix,1024,128,8,4,32,True,False,,0.07003608023587735,4426.500521873011,35.40054429373704,4386.786964479834,0.0,0.0,4.313013099440187,29.61074992588925,150994944,1555247923,0,0.678125,32,0,32,109.98227353394032,35.40054429373704,,,,,runs/stateful/full_paper/exp5_throughput_overhead_mistral_hf/hf_measurements/mistralai_Mistral-7B-Instruct-v0.3/ctx1024_out128_s0/metrics.json,False,measured_profile_simulation,,https://github.com/FastMAS/KVCOMM,4.261813099440188,0.7,8,4,2,2,2,cuda,balanced,"{""lm_head"": ""1"", ""model.embed_tokens"": ""0"", ""model.layers.0"": ""0"", ""model.layers.1"": ""0"", ""model.layers.10"": ""0"", ""model.layers.11"": ""0"", ""model.layers.12"": ""0"", ""model.layers.13"": ""0"", ""model.layers.14"": ""0"", ""model.layers.15"": ""0"", ""model.layers.16"": ""1"", ""model.layers.17"": ""1"", ""model.layers.18"": ""1"", ""model.layers.19"": ""1"", ""model.layers.2"": ""0"", ""model.layers.20"": ""1"", ""model.layers.21"": ""1"", ""model.layers.22"": ""1"", ""model.layers.23"": ""1"", ""model.layers.24"": ""1"", ""model.layers.25"": ""1"", ""model.layers.26"": ""1"", ""model.layers.27"": ""1"", ""model.layers.28"": ""1"", ""model.layers.29"": ""1"", ""model.layers.3"": ""0"", ""model.layers.30"": ""1"", ""model.layers.31"": ""1"", ""model.layers.4"": ""0"", ""model.layers.5"": ""0"", ""model.layers.6"": ""0"", ""model.layers.7"": ""0"", ""model.layers.8"": ""0"", ""model.layers.9"": ""0"", ""model.norm"": ""1"", ""model.rotary_emb"": ""1""}",0.10740456399798859
multi_ac40a38e2471,0,mistralai/Mistral-7B-Instruct-v0.3,hf_measured,distserve_style,1024,128,8,4,32,True,False,,0.03970832623656123,4396.418589905689,3.436946047935635,4386.786964479834,6.04107937792,0.1024,0.0512,29.813357695499082,150994944,4982833152,149786984448,0.0,32,992,32,109.98227353394032,0.6068357865886356,,,,,runs/stateful/full_paper/exp5_throughput_overhead_mistral_hf/hf_measurements/mistralai_Mistral-7B-Instruct-v0.3/ctx1024_out128_s0/metrics.json,,,,,,,8,4,2,2,2,cuda,balanced,"{""lm_head"": ""1"", ""model.embed_tokens"": ""0"", ""model.layers.0"": ""0"", ""model.layers.1"": ""0"", ""model.layers.10"": ""0"", ""model.layers.11"": ""0"", ""model.layers.12"": ""0"", ""model.layers.13"": ""0"", ""model.layers.14"": ""0"", ""model.layers.15"": ""0"", ""model.layers.16"": ""1"", ""model.layers.17"": ""1"", ""model.layers.18"": ""1"", ""model.layers.19"": ""1"", ""model.layers.2"": ""0"", ""model.layers.20"": ""1"", ""model.layers.21"": ""1"", ""model.layers.22"": ""1"", ""model.layers.23"": ""1"", ""model.layers.24"": ""1"", ""model.layers.25"": ""1"", ""model.layers.26"": ""1"", ""model.layers.27"": ""1"", ""model.layers.28"": ""1"", ""model.layers.29"": ""1"", ""model.layers.3"": ""0"", ""model.layers.30"": ""1"", ""model.layers.31"": ""1"", ""model.layers.4"": ""0"", ""model.layers.5"": ""0"", ""model.layers.6"": ""0"", ""model.layers.7"": ""0"", ""model.layers.8"": ""0"", ""model.layers.9"": ""0"", ""model.norm"": ""1"", ""model.rotary_emb"": ""1""}",0.10740456399798859
multi_959f535e33e6,0,mistralai/Mistral-7B-Instruct-v0.3,hf_measured,AAFLOW+,1024,128,16,4,32,True,False,,0.034574498116561235,1097.627775759347,0.6068357865886356,1096.6967411199585,0.2857988528,0.0256,0.0128,238.82777548941564,150994944,1577897127,53746649145,0.984375,1,2016,64,219.96454706788063,0.6068357865886356,,,,,runs/stateful/full_paper/exp5_throughput_overhead_mistral_hf/hf_measurements/mistralai_Mistral-7B-Instruct-v0.3/ctx1024_out128_s0/metrics.json,,,,,,,8,8,2,2,2,cuda,balanced,"{""lm_head"": ""1"", ""model.embed_tokens"": ""0"", ""model.layers.0"": ""0"", ""model.layers.1"": ""0"", ""model.layers.10"": ""0"", ""model.layers.11"": ""0"", ""model.layers.12"": ""0"", ""model.layers.13"": ""0"", ""model.layers.14"": ""0"", ""model.layers.15"": ""0"", ""model.layers.16"": ""1"", ""model.layers.17"": ""1"", ""model.layers.18"": ""1"", ""model.layers.19"": ""1"", ""model.layers.2"": ""0"", ""model.layers.20"": ""1"", ""model.layers.21"": ""1"", ""model.layers.22"": ""1"", ""model.layers.23"": ""1"", ""model.layers.24"": ""1"", ""model.layers.25"": ""1"", ""model.layers.26"": ""1"", ""model.layers.27"": ""1"", ""model.layers.28"": ""1"", ""model.layers.29"": ""1"", ""model.layers.3"": ""0"", ""model.layers.30"": ""1"", ""model.layers.31"": ""1"", ""model.layers.4"": ""0"", ""model.layers.5"": ""0"", ""model.layers.6"": ""0"", ""model.layers.7"": ""0"", ""model.layers.8"": ""0"", ""model.layers.9"": ""0"", ""model.norm"": ""1"", ""model.rotary_emb"": ""1""}",0.10740456399798859
multi_dc0a16204c7d,0,mistralai/Mistral-7B-Instruct-v0.3,hf_measured,dense_prefill,1024,128,16,4,32,True,False,,0.14092309247454982,8993.640876027548,219.96454706788063,8773.573928959668,0.0,0.0,0.0032,29.147705986208763,150994944,9663676416,0,0.0,64,0,64,219.96454706788063,0.6068357865886356,,,,,runs/stateful/full_paper/exp5_throughput_overhead_mistral_hf/hf_measurements/mistralai_Mistral-7B-Instruct-v0.3/ctx1024_out128_s0/metrics.json,,,,,,,8,8,2,2,2,cuda,balanced,"{""lm_head"": ""1"", ""model.embed_tokens"": ""0"", ""model.layers.0"": ""0"", ""model.layers.1"": ""0"", ""model.layers.10"": ""0"", ""model.layers.11"": ""0"", ""model.layers.12"": ""0"", ""model.layers.13"": ""0"", ""model.layers.14"": ""0"", ""model.layers.15"": ""0"", ""model.layers.16"": ""1"", ""model.layers.17"": ""1"", ""model.layers.18"": ""1"", ""model.layers.19"": ""1"", ""model.layers.2"": ""0"", ""model.layers.20"": ""1"", ""model.layers.21"": ""1"", ""model.layers.22"": ""1"", ""model.layers.23"": ""1"", ""model.layers.24"": ""1"", ""model.layers.25"": ""1"", ""model.layers.26"": ""1"", ""model.layers.27"": ""1"", ""model.layers.28"": ""1"", ""model.layers.29"": ""1"", ""model.layers.3"": ""0"", ""model.layers.30"": ""1"", ""model.layers.31"": ""1"", ""model.layers.4"": ""0"", ""model.layers.5"": ""0"", ""model.layers.6"": ""0"", ""model.layers.7"": ""0"", ""model.layers.8"": ""0"", ""model.layers.9"": ""0"", ""model.norm"": ""1"", ""model.rotary_emb"": ""1""}",0.10740456399798859
multi_1145233a8d7b,0,mistralai/Mistral-7B-Instruct-v0.3,hf_measured,aaflow_text,1024,128,16,4,32,True,False,,0.14307118375450958,8998.040166968905,219.96454706788063,8773.573928959668,0.0,0.0,4.501690941357613,29.13345518975453,150994944,10436770529,0,0.0,2048,0,64,219.96454706788063,0.6068357865886356,,,,,runs/stateful/full_paper/exp5_throughput_overhead_mistral_hf/hf_measurements/mistralai_Mistral-7B-Instruct-v0.3/ctx1024_out128_s0/metrics.json,,,,,,,8,8,2,2,2,cuda,balanced,"{""lm_head"": ""1"", ""model.embed_tokens"": ""0"", ""model.layers.0"": ""0"", ""model.layers.1"": ""0"", ""model.layers.10"": ""0"", ""model.layers.11"": ""0"", ""model.layers.12"": ""0"", ""model.layers.13"": ""0"", ""model.layers.14"": ""0"", ""model.layers.15"": ""0"", ""model.layers.16"": ""1"", ""model.layers.17"": ""1"", ""model.layers.18"": ""1"", ""model.layers.19"": ""1"", ""model.layers.2"": ""0"", ""model.layers.20"": ""1"", ""model.layers.21"": ""1"", ""model.layers.22"": ""1"", ""model.layers.23"": ""1"", ""model.layers.24"": ""1"", ""model.layers.25"": ""1"", ""model.layers.26"": ""1"", ""model.layers.27"": ""1"", ""model.layers.28"": ""1"", ""model.layers.29"": ""1"", ""model.layers.3"": ""0"", ""model.layers.30"": ""1"", ""model.layers.31"": ""1"", ""model.layers.4"": ""0"", ""model.layers.5"": ""0"", ""model.layers.6"": ""0"", ""model.layers.7"": ""0"", ""model.layers.8"": ""0"", ""model.layers.9"": ""0"", ""model.norm"": ""1"", ""model.rotary_emb"": ""1""}",0.10740456399798859
multi_4202071831ca,0,mistralai/Mistral-7B-Instruct-v0.3,hf_measured,vllm_local_prefix,1024,128,16,4,32,True,False,,0.056440435826133804,8601.679869126012,3.265098745538853,8598.102450380475,0.0,0.2048,0.10752,30.475907495803558,150994944,3503082672,0,0.984375,32,0,64,219.96454706788063,0.6068357865886356,,,,,runs/stateful/full_paper/exp5_throughput_overhead_mistral_hf/hf_measurements/mistralai_Mistral-7B-Instruct-v0.3/ctx1024_out128_s0/metrics.json,,,,,,,8,8,2,2,2,cuda,balanced,"{""lm_head"": ""1"", ""model.embed_tokens"": ""0"", ""model.layers.0"": ""0"", ""model.layers.1"": ""0"", ""model.layers.10"": ""0"", ""model.layers.11"": ""0"", ""model.layers.12"": ""0"", ""model.layers.13"": ""0"", ""model.layers.14"": ""0"", ""model.layers.15"": ""0"", ""model.layers.16"": ""1"", ""model.layers.17"": ""1"", ""model.layers.18"": ""1"", ""model.layers.19"": ""1"", ""model.layers.2"": ""0"", ""model.layers.20"": ""1"", ""model.layers.21"": ""1"", ""model.layers.22"": ""1"", ""model.layers.23"": ""1"", ""model.layers.24"": ""1"", ""model.layers.25"": ""1"", ""model.layers.26"": ""1"", ""model.layers.27"": ""1"", ""model.layers.28"": ""1"", ""model.layers.29"": ""1"", ""model.layers.3"": ""0"", ""model.layers.30"": ""1"", ""model.layers.31"": ""1"", ""model.layers.4"": ""0"", ""model.layers.5"": ""0"", ""model.layers.6"": ""0"", ""model.layers.7"": ""0"", ""model.layers.8"": ""0"", ""model.layers.9"": ""0"", ""model.norm"": ""1"", ""model.rotary_emb"": ""1""}",0.10740456399798859
multi_91beaeb28bea,0,mistralai/Mistral-7B-Instruct-v0.3,hf_measured,sglang_prefix,1024,128,16,4,32,True,False,,0.0479823264112922,8426.041663244421,3.0932514431420715,8422.63097180128,0.0,0.2048,0.11264000000000002,31.111168265819167,150994944,3503082672,0,0.984375,32,0,64,219.96454706788063,0.6068357865886356,,,,,runs/stateful/full_paper/exp5_throughput_overhead_mistral_hf/hf_measurements/mistralai_Mistral-7B-Instruct-v0.3/ctx1024_out128_s0/metrics.json,,,,,,,8,8,2,2,2,cuda,balanced,"{""lm_head"": ""1"", ""model.embed_tokens"": ""0"", ""model.layers.0"": ""0"", ""model.layers.1"": ""0"", ""model.layers.10"": ""0"", ""model.layers.11"": ""0"", ""model.layers.12"": ""0"", ""model.layers.13"": ""0"", ""model.layers.14"": ""0"", ""model.layers.15"": ""0"", ""model.layers.16"": ""1"", ""model.layers.17"": ""1"", ""model.layers.18"": ""1"", ""model.layers.19"": ""1"", ""model.layers.2"": ""0"", ""model.layers.20"": ""1"", ""model.layers.21"": ""1"", ""model.layers.22"": ""1"", ""model.layers.23"": ""1"", ""model.layers.24"": ""1"", ""model.layers.25"": ""1"", ""model.layers.26"": ""1"", ""model.layers.27"": ""1"", ""model.layers.28"": ""1"", ""model.layers.29"": ""1"", ""model.layers.3"": ""0"", ""model.layers.30"": ""1"", ""model.layers.31"": ""1"", ""model.layers.4"": ""0"", ""model.layers.5"": ""0"", ""model.layers.6"": ""0"", ""model.layers.7"": ""0"", ""model.layers.8"": ""0"", ""model.layers.9"": ""0"", ""model.norm"": ""1"", ""model.rotary_emb"": ""1""}",0.10740456399798859
multi_c692105bf915,0,mistralai/Mistral-7B-Instruct-v0.3,hf_measured,kvcomm_prefix,1024,128,16,4,32,True,False,,0.07003608023587735,8850.732659354386,68.39522635391914,8773.573928959668,0.0,0.0,8.7635040407978,29.61833896575089,150994944,3004799385,0,0.6890624999999999,32,0,64,219.96454706788063,68.39522635391914,,,,,runs/stateful/full_paper/exp5_throughput_overhead_mistral_hf/hf_measurements/mistralai_Mistral-7B-Instruct-v0.3/ctx1024_out128_s0/metrics.json,False,measured_profile_simulation,,https://github.com/FastMAS/KVCOMM,8.6611040407978,0.7,8,8,2,2,2,cuda,balanced,"{""lm_head"": ""1"", ""model.embed_tokens"": ""0"", ""model.layers.0"": ""0"", ""model.layers.1"": ""0"", ""model.layers.10"": ""0"", ""model.layers.11"": ""0"", ""model.layers.12"": ""0"", ""model.layers.13"": ""0"", ""model.layers.14"": ""0"", ""model.layers.15"": ""0"", ""model.layers.16"": ""1"", ""model.layers.17"": ""1"", ""model.layers.18"": ""1"", ""model.layers.19"": ""1"", ""model.layers.2"": ""0"", ""model.layers.20"": ""1"", ""model.layers.21"": ""1"", ""model.layers.22"": ""1"", ""model.layers.23"": ""1"", ""model.layers.24"": ""1"", ""model.layers.25"": ""1"", ""model.layers.26"": ""1"", ""model.layers.27"": ""1"", ""model.layers.28"": ""1"", ""model.layers.29"": ""1"", ""model.layers.3"": ""0"", ""model.layers.30"": ""1"", ""model.layers.31"": ""1"", ""model.layers.4"": ""0"", ""model.layers.5"": ""0"", ""model.layers.6"": ""0"", ""model.layers.7"": ""0"", ""model.layers.8"": ""0"", ""model.layers.9"": ""0"", ""model.norm"": ""1"", ""model.rotary_emb"": ""1""}",0.10740456399798859
multi_753492ec52b3,0,mistralai/Mistral-7B-Instruct-v0.3,hf_measured,distserve_style,1024,128,16,4,32,True,False,,0.03970832623656123,8789.595107291763,3.436946047935635,8773.573928959668,12.277032284159999,0.2048,0.1024,29.82435445547746,150994944,9814671360,304405807104,0.0,32,2016,64,219.96454706788063,0.6068357865886356,,,,,runs/stateful/full_paper/exp5_throughput_overhead_mistral_hf/hf_measurements/mistralai_Mistral-7B-Instruct-v0.3/ctx1024_out128_s0/metrics.json,,,,,,,8,8,2,2,2,cuda,balanced,"{""lm_head"": ""1"", ""model.embed_tokens"": ""0"", ""model.layers.0"": ""0"", ""model.layers.1"": ""0"", ""model.layers.10"": ""0"", ""model.layers.11"": ""0"", ""model.layers.12"": ""0"", ""model.layers.13"": ""0"", ""model.layers.14"": ""0"", ""model.layers.15"": ""0"", ""model.layers.16"": ""1"", ""model.layers.17"": ""1"", ""model.layers.18"": ""1"", ""model.layers.19"": ""1"", ""model.layers.2"": ""0"", ""model.layers.20"": ""1"", ""model.layers.21"": ""1"", ""model.layers.22"": ""1"", ""model.layers.23"": ""1"", ""model.layers.24"": ""1"", ""model.layers.25"": ""1"", ""model.layers.26"": ""1"", ""model.layers.27"": ""1"", ""model.layers.28"": ""1"", ""model.layers.29"": ""1"", ""model.layers.3"": ""0"", ""model.layers.30"": ""1"", ""model.layers.31"": ""1"", ""model.layers.4"": ""0"", ""model.layers.5"": ""0"", ""model.layers.6"": ""0"", ""model.layers.7"": ""0"", ""model.layers.8"": ""0"", ""model.layers.9"": ""0"", ""model.norm"": ""1"", ""model.rotary_emb"": ""1""}",0.10740456399798859
multi_e1350c2b9205,0,mistralai/Mistral-7B-Instruct-v0.3,hf_measured,AAFLOW+,8192,64,4,4,32,True,False,,0.04016061691938505,141.81568028745863,4.2295077981374565,137.08424953604117,0.49232295328000003,0.0064,0.0032,231.0604859320187,1082130432,3516923892,91710553740,0.9375,1,480,16,383.2757509108633,4.2295077981374565,,,,,runs/stateful/full_paper/exp5_throughput_overhead_mistral_hf/hf_measurements/mistralai_Mistral-7B-Instruct-v0.3/ctx8192_out64_s0/metrics.json,,,,,,,8,2,2,2,2,cuda,balanced,"{""lm_head"": ""1"", ""model.embed_tokens"": ""0"", ""model.layers.0"": ""0"", ""model.layers.1"": ""0"", ""model.layers.10"": ""0"", ""model.layers.11"": ""0"", ""model.layers.12"": ""0"", ""model.layers.13"": ""0"", ""model.layers.14"": ""0"", ""model.layers.15"": ""0"", ""model.layers.16"": ""1"", ""model.layers.17"": ""1"", ""model.layers.18"": ""1"", ""model.layers.19"": ""1"", ""model.layers.2"": ""0"", ""model.layers.20"": ""1"", ""model.layers.21"": ""1"", ""model.layers.22"": ""1"", ""model.layers.23"": ""1"", ""model.layers.24"": ""1"", ""model.layers.25"": ""1"", ""model.layers.26"": ""1"", ""model.layers.27"": ""1"", ""model.layers.28"": ""1"", ""model.layers.29"": ""1"", ""model.layers.3"": ""0"", ""model.layers.30"": ""1"", ""model.layers.31"": ""1"", ""model.layers.4"": ""0"", ""model.layers.5"": ""0"", ""model.layers.6"": ""0"", ""model.layers.7"": ""0"", ""model.layers.8"": ""0"", ""model.layers.9"": ""0"", ""model.norm"": ""1"", ""model.rotary_emb"": ""1""}",0.7485854509977798
multi_3d340dfb7b17,0,mistralai/Mistral-7B-Instruct-v0.3,hf_measured,dense_prefill,8192,64,4,4,32,True,False,,0.7821032853571649,1479.9753471991926,383.2757509108633,1096.6739962883294,0.0,0.0,0.0008,22.140909348262067,1082130432,17314086912,0,0.0,16,0,16,383.2757509108633,4.2295077981374565,,,,,runs/stateful/full_paper/exp5_throughput_overhead_mistral_hf/hf_measurements/mistralai_Mistral-7B-Instruct-v0.3/ctx8192_out64_s0/metrics.json,,,,,,,8,2,2,2,2,cuda,balanced,"{""lm_head"": ""1"", ""model.embed_tokens"": ""0"", ""model.layers.0"": ""0"", ""model.layers.1"": ""0"", ""model.layers.10"": ""0"", ""model.layers.11"": ""0"", ""model.layers.12"": ""0"", ""model.layers.13"": ""0"", ""model.layers.14"": ""0"", ""model.layers.15"": ""0"", ""model.layers.16"": ""1"", ""model.layers.17"": ""1"", ""model.layers.18"": ""1"", ""model.layers.19"": ""1"", ""model.layers.2"": ""0"", ""model.layers.20"": ""1"", ""model.layers.21"": ""1"", ""model.layers.22"": ""1"", ""model.layers.23"": ""1"", ""model.layers.24"": ""1"", ""model.layers.25"": ""1"", ""model.layers.26"": ""1"", ""model.layers.27"": ""1"", ""model.layers.28"": ""1"", ""model.layers.29"": ""1"", ""model.layers.3"": ""0"", ""model.layers.30"": ""1"", ""model.layers.31"": ""1"", ""model.layers.4"": ""0"", ""model.layers.5"": ""0"", ""model.layers.6"": ""0"", ""model.layers.7"": ""0"", ""model.layers.8"": ""0"", ""model.layers.9"": ""0"", ""model.norm"": ""1"", ""model.rotary_emb"": ""1""}",0.7485854509977798
multi_3695721e4fa8,0,mistralai/Mistral-7B-Instruct-v0.3,hf_measured,aaflow_text,8192,64,4,4,32,True,False,,0.7970749943771205,1487.64086221741,383.2757509108633,1096.6739962883294,0.0,0.0,7.691115018217266,22.026821682726236,1082130432,18699213864,0,0.0,512,0,16,383.2757509108633,4.2295077981374565,,,,,runs/stateful/full_paper/exp5_throughput_overhead_mistral_hf/hf_measurements/mistralai_Mistral-7B-Instruct-v0.3/ctx8192_out64_s0/metrics.json,,,,,,,8,2,2,2,2,cuda,balanced,"{""lm_head"": ""1"", ""model.embed_tokens"": ""0"", ""model.layers.0"": ""0"", ""model.layers.1"": ""0"", ""model.layers.10"": ""0"", ""model.layers.11"": ""0"", ""model.layers.12"": ""0"", ""model.layers.13"": ""0"", ""model.layers.14"": ""0"", ""model.layers.15"": ""0"", ""model.layers.16"": ""1"", ""model.layers.17"": ""1"", ""model.layers.18"": ""1"", ""model.layers.19"": ""1"", ""model.layers.2"": ""0"", ""model.layers.20"": ""1"", ""model.layers.21"": ""1"", ""model.layers.22"": ""1"", ""model.layers.23"": ""1"", ""model.layers.24"": ""1"", ""model.layers.25"": ""1"", ""model.layers.26"": ""1"", ""model.layers.27"": ""1"", ""model.layers.28"": ""1"", ""model.layers.29"": ""1"", ""model.layers.3"": ""0"", ""model.layers.30"": ""1"", ""model.layers.31"": ""1"", ""model.layers.4"": ""0"", ""model.layers.5"": ""0"", ""model.layers.6"": ""0"", ""model.layers.7"": ""0"", ""model.layers.8"": ""0"", ""model.layers.9"": ""0"", ""model.norm"": ""1"", ""model.rotary_emb"": ""1""}",0.7485854509977798
multi_727b29d29b85,0,mistralai/Mistral-7B-Instruct-v0.3,hf_measured,vllm_local_prefix,8192,64,4,4,32,True,False,,0.22075794710883,1097.5755940728955,22.756997710332506,1074.7405163625629,0.0,0.0512,0.02688,29.85489125027293,1082130432,6276356496,0,0.9375,32,0,16,383.2757509108633,4.2295077981374565,,,,,runs/stateful/full_paper/exp5_throughput_overhead_mistral_hf/hf_measurements/mistralai_Mistral-7B-Instruct-v0.3/ctx8192_out64_s0/metrics.json,,,,,,,8,2,2,2,2,cuda,balanced,"{""lm_head"": ""1"", ""model.embed_tokens"": ""0"", ""model.layers.0"": ""0"", ""model.layers.1"": ""0"", ""model.layers.10"": ""0"", ""model.layers.11"": ""0"", ""model.layers.12"": ""0"", ""model.layers.13"": ""0"", ""model.layers.14"": ""0"", ""model.layers.15"": ""0"", ""model.layers.16"": ""1"", ""model.layers.17"": ""1"", ""model.layers.18"": ""1"", ""model.layers.19"": ""1"", ""model.layers.2"": ""0"", ""model.layers.20"": ""1"", ""model.layers.21"": ""1"", ""model.layers.22"": ""1"", ""model.layers.23"": ""1"", ""model.layers.24"": ""1"", ""model.layers.25"": ""1"", ""model.layers.26"": ""1"", ""model.layers.27"": ""1"", ""model.layers.28"": ""1"", ""model.layers.29"": ""1"", ""model.layers.3"": ""0"", ""model.layers.30"": ""1"", ""model.layers.31"": ""1"", ""model.layers.4"": ""0"", ""model.layers.5"": ""0"", ""model.layers.6"": ""0"", ""model.layers.7"": ""0"", ""model.layers.8"": ""0"", ""model.layers.9"": ""0"", ""model.norm"": ""1"", ""model.rotary_emb"": ""1""}",0.7485854509977798
multi_1065de6da3fe,0,mistralai/Mistral-7B-Instruct-v0.3,hf_measured,sglang_prefix,8192,64,4,4,32,True,False,,0.1646140382839965,1074.4456574255323,21.55926098873606,1052.8070364367961,0.0,0.0512,0.028160000000000004,30.497587079941347,1082130432,6276356496,0,0.9375,32,0,16,383.2757509108633,4.2295077981374565,,,,,runs/stateful/full_paper/exp5_throughput_overhead_mistral_hf/hf_measurements/mistralai_Mistral-7B-Instruct-v0.3/ctx8192_out64_s0/metrics.json,,,,,,,8,2,2,2,2,cuda,balanced,"{""lm_head"": ""1"", ""model.embed_tokens"": ""0"", ""model.layers.0"": ""0"", ""model.layers.1"": ""0"", ""model.layers.10"": ""0"", ""model.layers.11"": ""0"", ""model.layers.12"": ""0"", ""model.layers.13"": ""0"", ""model.layers.14"": ""0"", ""model.layers.15"": ""0"", ""model.layers.16"": ""1"", ""model.layers.17"": ""1"", ""model.layers.18"": ""1"", ""model.layers.19"": ""1"", ""model.layers.2"": ""0"", ""model.layers.20"": ""1"", ""model.layers.21"": ""1"", ""model.layers.22"": ""1"", ""model.layers.23"": ""1"", ""model.layers.24"": ""1"", ""model.layers.25"": ""1"", ""model.layers.26"": ""1"", ""model.layers.27"": ""1"", ""model.layers.28"": ""1"", ""model.layers.29"": ""1"", ""model.layers.3"": ""0"", ""model.layers.30"": ""1"", ""model.layers.31"": ""1"", ""model.layers.4"": ""0"", ""model.layers.5"": ""0"", ""model.layers.6"": ""0"", ""model.layers.7"": ""0"", ""model.layers.8"": ""0"", ""model.layers.9"": ""0"", ""model.norm"": ""1"", ""model.rotary_emb"": ""1""}",0.7485854509977798
multi_f8c6688da8f1,0,mistralai/Mistral-7B-Instruct-v0.3,hf_measured,kvcomm_prefix,8192,64,4,4,32,True,False,,0.28803688769863023,1242.823476323096,131.75103937560925,1096.6739962883294,0.0,0.0,14.398440659157375,26.365771667706515,1082130432,5951717376,0,0.65625,32,0,16,383.2757509108633,131.75103937560925,,,,,runs/stateful/full_paper/exp5_throughput_overhead_mistral_hf/hf_measurements/mistralai_Mistral-7B-Instruct-v0.3/ctx8192_out64_s0/metrics.json,False,measured_profile_simulation,,https://github.com/FastMAS/KVCOMM,14.372840659157374,0.7,8,2,2,2,2,cuda,balanced,"{""lm_head"": ""1"", ""model.embed_tokens"": ""0"", ""model.layers.0"": ""0"", ""model.layers.1"": ""0"", ""model.layers.10"": ""0"", ""model.layers.11"": ""0"", ""model.layers.12"": ""0"", ""model.layers.13"": ""0"", ""model.layers.14"": ""0"", ""model.layers.15"": ""0"", ""model.layers.16"": ""1"", ""model.layers.17"": ""1"", ""model.layers.18"": ""1"", ""model.layers.19"": ""1"", ""model.layers.2"": ""0"", ""model.layers.20"": ""1"", ""model.layers.21"": ""1"", ""model.layers.22"": ""1"", ""model.layers.23"": ""1"", ""model.layers.24"": ""1"", ""model.layers.25"": ""1"", ""model.layers.26"": ""1"", ""model.layers.27"": ""1"", ""model.layers.28"": ""1"", ""model.layers.29"": ""1"", ""model.layers.3"": ""0"", ""model.layers.30"": ""1"", ""model.layers.31"": ""1"", ""model.layers.4"": ""0"", ""model.layers.5"": ""0"", ""model.layers.6"": ""0"", ""model.layers.7"": ""0"", ""model.layers.8"": ""0"", ""model.layers.9"": ""0"", ""model.norm"": ""1"", ""model.rotary_emb"": ""1""}",0.7485854509977798
multi_6881746e11f3,0,mistralai/Mistral-7B-Instruct-v0.3,hf_measured,distserve_style,8192,64,4,4,32,True,False,,0.07695305163938505,1141.5064350146583,23.954734431928955,1096.6739962883294,20.800904294400002,0.0512,0.0256,28.705926655226627,1082130432,18396217344,519422607360,0.0,32,480,16,383.2757509108633,4.2295077981374565,,,,,runs/stateful/full_paper/exp5_throughput_overhead_mistral_hf/hf_measurements/mistralai_Mistral-7B-Instruct-v0.3/ctx8192_out64_s0/metrics.json,,,,,,,8,2,2,2,2,cuda,balanced,"{""lm_head"": ""1"", ""model.embed_tokens"": ""0"", ""model.layers.0"": ""0"", ""model.layers.1"": ""0"", ""model.layers.10"": ""0"", ""model.layers.11"": ""0"", ""model.layers.12"": ""0"", ""model.layers.13"": ""0"", ""model.layers.14"": ""0"", ""model.layers.15"": ""0"", ""model.layers.16"": ""1"", ""model.layers.17"": ""1"", ""model.layers.18"": ""1"", ""model.layers.19"": ""1"", ""model.layers.2"": ""0"", ""model.layers.20"": ""1"", ""model.layers.21"": ""1"", ""model.layers.22"": ""1"", ""model.layers.23"": ""1"", ""model.layers.24"": ""1"", ""model.layers.25"": ""1"", ""model.layers.26"": ""1"", ""model.layers.27"": ""1"", ""model.layers.28"": ""1"", ""model.layers.29"": ""1"", ""model.layers.3"": ""0"", ""model.layers.30"": ""1"", ""model.layers.31"": ""1"", ""model.layers.4"": ""0"", ""model.layers.5"": ""0"", ""model.layers.6"": ""0"", ""model.layers.7"": ""0"", ""model.layers.8"": ""0"", ""model.layers.9"": ""0"", ""model.norm"": ""1"", ""model.rotary_emb"": ""1""}",0.7485854509977798
multi_c16586c2bdce,0,mistralai/Mistral-7B-Instruct-v0.3,hf_measured,AAFLOW+,8192,64,8,4,32,True,False,,0.04016061691938505,279.4018527767798,4.2295077981374565,274.16849907208234,0.9846459065600001,0.0128,0.0064,234.55821551891475,1082130432,6114036916,189535144396,0.96875,1,992,32,766.5515018217266,4.2295077981374565,,,,,runs/stateful/full_paper/exp5_throughput_overhead_mistral_hf/hf_measurements/mistralai_Mistral-7B-Instruct-v0.3/ctx8192_out64_s0/metrics.json,,,,,,,8,4,2,2,2,cuda,balanced,"{""lm_head"": ""1"", ""model.embed_tokens"": ""0"", ""model.layers.0"": ""0"", ""model.layers.1"": ""0"", ""model.layers.10"": ""0"", ""model.layers.11"": ""0"", ""model.layers.12"": ""0"", ""model.layers.13"": ""0"", ""model.layers.14"": ""0"", ""model.layers.15"": ""0"", ""model.layers.16"": ""1"", ""model.layers.17"": ""1"", ""model.layers.18"": ""1"", ""model.layers.19"": ""1"", ""model.layers.2"": ""0"", ""model.layers.20"": ""1"", ""model.layers.21"": ""1"", ""model.layers.22"": ""1"", ""model.layers.23"": ""1"", ""model.layers.24"": ""1"", ""model.layers.25"": ""1"", ""model.layers.26"": ""1"", ""model.layers.27"": ""1"", ""model.layers.28"": ""1"", ""model.layers.29"": ""1"", ""model.layers.3"": ""0"", ""model.layers.30"": ""1"", ""model.layers.31"": ""1"", ""model.layers.4"": ""0"", ""model.layers.5"": ""0"", ""model.layers.6"": ""0"", ""model.layers.7"": ""0"", ""model.layers.8"": ""0"", ""model.layers.9"": ""0"", ""model.norm"": ""1"", ""model.rotary_emb"": ""1""}",0.7485854509977798
multi_9ccb53fc53e1,0,mistralai/Mistral-7B-Instruct-v0.3,hf_measured,dense_prefill,8192,64,8,4,32,True,False,,0.7821032853571649,2959.950694398385,766.5515018217266,2193.3479925766587,0.0,0.0,0.0016,22.140909348262067,1082130432,34628173824,0,0.0,32,0,32,766.5515018217266,4.2295077981374565,,,,,runs/stateful/full_paper/exp5_throughput_overhead_mistral_hf/hf_measurements/mistralai_Mistral-7B-Instruct-v0.3/ctx8192_out64_s0/metrics.json,,,,,,,8,4,2,2,2,cuda,balanced,"{""lm_head"": ""1"", ""model.embed_tokens"": ""0"", ""model.layers.0"": ""0"", ""model.layers.1"": ""0"", ""model.layers.10"": ""0"", ""model.layers.11"": ""0"", ""model.layers.12"": ""0"", ""model.layers.13"": ""0"", ""model.layers.14"": ""0"", ""model.layers.15"": ""0"", ""model.layers.16"": ""1"", ""model.layers.17"": ""1"", ""model.layers.18"": ""1"", ""model.layers.19"": ""1"", ""model.layers.2"": ""0"", ""model.layers.20"": ""1"", ""model.layers.21"": ""1"", ""model.layers.22"": ""1"", ""model.layers.23"": ""1"", ""model.layers.24"": ""1"", ""model.layers.25"": ""1"", ""model.layers.26"": ""1"", ""model.layers.27"": ""1"", ""model.layers.28"": ""1"", ""model.layers.29"": ""1"", ""model.layers.3"": ""0"", ""model.layers.30"": ""1"", ""model.layers.31"": ""1"", ""model.layers.4"": ""0"", ""model.layers.5"": ""0"", ""model.layers.6"": ""0"", ""model.layers.7"": ""0"", ""model.layers.8"": ""0"", ""model.layers.9"": ""0"", ""model.norm"": ""1"", ""model.rotary_emb"": ""1""}",0.7485854509977798
multi_0304fcd05805,0,mistralai/Mistral-7B-Instruct-v0.3,hf_measured,aaflow_text,8192,64,8,4,32,True,False,,0.7970749943771205,2975.28172443482,766.5515018217266,2193.3479925766587,0.0,0.0,15.382230036434532,22.026821682726236,1082130432,37398427729,0,0.0,1024,0,32,766.5515018217266,4.2295077981374565,,,,,runs/stateful/full_paper/exp5_throughput_overhead_mistral_hf/hf_measurements/mistralai_Mistral-7B-Instruct-v0.3/ctx8192_out64_s0/metrics.json,,,,,,,8,4,2,2,2,cuda,balanced,"{""lm_head"": ""1"", ""model.embed_tokens"": ""0"", ""model.layers.0"": ""0"", ""model.layers.1"": ""0"", ""model.layers.10"": ""0"", ""model.layers.11"": ""0"", ""model.layers.12"": ""0"", ""model.layers.13"": ""0"", ""model.layers.14"": ""0"", ""model.layers.15"": ""0"", ""model.layers.16"": ""1"", ""model.layers.17"": ""1"", ""model.layers.18"": ""1"", ""model.layers.19"": ""1"", ""model.layers.2"": ""0"", ""model.layers.20"": ""1"", ""model.layers.21"": ""1"", ""model.layers.22"": ""1"", ""model.layers.23"": ""1"", ""model.layers.24"": ""1"", ""model.layers.25"": ""1"", ""model.layers.26"": ""1"", ""model.layers.27"": ""1"", ""model.layers.28"": ""1"", ""model.layers.29"": ""1"", ""model.layers.3"": ""0"", ""model.layers.30"": ""1"", ""model.layers.31"": ""1"", ""model.layers.4"": ""0"", ""model.layers.5"": ""0"", ""model.layers.6"": ""0"", ""model.layers.7"": ""0"", ""model.layers.8"": ""0"", ""model.layers.9"": ""0"", ""model.norm"": ""1"", ""model.rotary_emb"": ""1""}",0.7485854509977798
multi_09253ec3841a,0,mistralai/Mistral-7B-Instruct-v0.3,hf_measured,vllm_local_prefix,8192,64,8,4,32,True,False,,0.2020464358338855,2172.3941904354583,22.756997710332506,2149.4810327251257,0.0,0.1024,0.05376,30.167637295542228,1082130432,12552712992,0,0.96875,32,0,32,766.5515018217266,4.2295077981374565,,,,,runs/stateful/full_paper/exp5_throughput_overhead_mistral_hf/hf_measurements/mistralai_Mistral-7B-Instruct-v0.3/ctx8192_out64_s0/metrics.json,,,,,,,8,4,2,2,2,cuda,balanced,"{""lm_head"": ""1"", ""model.embed_tokens"": ""0"", ""model.layers.0"": ""0"", ""model.layers.1"": ""0"", ""model.layers.10"": ""0"", ""model.layers.11"": ""0"", ""model.layers.12"": ""0"", ""model.layers.13"": ""0"", ""model.layers.14"": ""0"", ""model.layers.15"": ""0"", ""model.layers.16"": ""1"", ""model.layers.17"": ""1"", ""model.layers.18"": ""1"", ""model.layers.19"": ""1"", ""model.layers.2"": ""0"", ""model.layers.20"": ""1"", ""model.layers.21"": ""1"", ""model.layers.22"": ""1"", ""model.layers.23"": ""1"", ""model.layers.24"": ""1"", ""model.layers.25"": ""1"", ""model.layers.26"": ""1"", ""model.layers.27"": ""1"", ""model.layers.28"": ""1"", ""model.layers.29"": ""1"", ""model.layers.3"": ""0"", ""model.layers.30"": ""1"", ""model.layers.31"": ""1"", ""model.layers.4"": ""0"", ""model.layers.5"": ""0"", ""model.layers.6"": ""0"", ""model.layers.7"": ""0"", ""model.layers.8"": ""0"", ""model.layers.9"": ""0"", ""model.norm"": ""1"", ""model.rotary_emb"": ""1""}",0.7485854509977798
multi_0904ecf6435f,0,mistralai/Mistral-7B-Instruct-v0.3,hf_measured,sglang_prefix,8192,64,8,4,32,True,False,,0.14403106338155758,2127.332053862329,21.55926098873606,2105.6140728735922,0.0,0.1024,0.05632000000000001,30.806662213834713,1082130432,12552712992,0,0.96875,32,0,32,766.5515018217266,4.2295077981374565,,,,,runs/stateful/full_paper/exp5_throughput_overhead_mistral_hf/hf_measurements/mistralai_Mistral-7B-Instruct-v0.3/ctx8192_out64_s0/metrics.json,,,,,,,8,4,2,2,2,cuda,balanced,"{""lm_head"": ""1"", ""model.embed_tokens"": ""0"", ""model.layers.0"": ""0"", ""model.layers.1"": ""0"", ""model.layers.10"": ""0"", ""model.layers.11"": ""0"", ""model.layers.12"": ""0"", ""model.layers.13"": ""0"", ""model.layers.14"": ""0"", ""model.layers.15"": ""0"", ""model.layers.16"": ""1"", ""model.layers.17"": ""1"", ""model.layers.18"": ""1"", ""model.layers.19"": ""1"", ""model.layers.2"": ""0"", ""model.layers.20"": ""1"", ""model.layers.21"": ""1"", ""model.layers.22"": ""1"", ""model.layers.23"": ""1"", ""model.layers.24"": ""1"", ""model.layers.25"": ""1"", ""model.layers.26"": ""1"", ""model.layers.27"": ""1"", ""model.layers.28"": ""1"", ""model.layers.29"": ""1"", ""model.layers.3"": ""0"", ""model.layers.30"": ""1"", ""model.layers.31"": ""1"", ""model.layers.4"": ""0"", ""model.layers.5"": ""0"", ""model.layers.6"": ""0"", ""model.layers.7"": ""0"", ""model.layers.8"": ""0"", ""model.layers.9"": ""0"", ""model.norm"": ""1"", ""model.rotary_emb"": ""1""}",0.7485854509977798
multi_3a578755fe70,0,mistralai/Mistral-7B-Instruct-v0.3,hf_measured,kvcomm_prefix,8192,64,8,4,32,True,False,,0.28803688769863023,2469.8368279211186,246.73376464886826,2193.3479925766587,0.0,0.0,29.755070695591908,26.534546436074553,1082130432,11145943449,0,0.678125,32,0,32,766.5515018217266,246.73376464886826,,,,,runs/stateful/full_paper/exp5_throughput_overhead_mistral_hf/hf_measurements/mistralai_Mistral-7B-Instruct-v0.3/ctx8192_out64_s0/metrics.json,False,measured_profile_simulation,,https://github.com/FastMAS/KVCOMM,29.703870695591906,0.7,8,4,2,2,2,cuda,balanced,"{""lm_head"": ""1"", ""model.embed_tokens"": ""0"", ""model.layers.0"": ""0"", ""model.layers.1"": ""0"", ""model.layers.10"": ""0"", ""model.layers.11"": ""0"", ""model.layers.12"": ""0"", ""model.layers.13"": ""0"", ""model.layers.14"": ""0"", ""model.layers.15"": ""0"", ""model.layers.16"": ""1"", ""model.layers.17"": ""1"", ""model.layers.18"": ""1"", ""model.layers.19"": ""1"", ""model.layers.2"": ""0"", ""model.layers.20"": ""1"", ""model.layers.21"": ""1"", ""model.layers.22"": ""1"", ""model.layers.23"": ""1"", ""model.layers.24"": ""1"", ""model.layers.25"": ""1"", ""model.layers.26"": ""1"", ""model.layers.27"": ""1"", ""model.layers.28"": ""1"", ""model.layers.29"": ""1"", ""model.layers.3"": ""0"", ""model.layers.30"": ""1"", ""model.layers.31"": ""1"", ""model.layers.4"": ""0"", ""model.layers.5"": ""0"", ""model.layers.6"": ""0"", ""model.layers.7"": ""0"", ""model.layers.8"": ""0"", ""model.layers.9"": ""0"", ""model.norm"": ""1"", ""model.rotary_emb"": ""1""}",0.7485854509977798
multi_da1afba0e580,0,mistralai/Mistral-7B-Instruct-v0.3,hf_measured,distserve_style,8192,64,8,4,32,True,False,,0.07695305163938505,2260.444862550348,23.954734431928955,2193.3479925766587,42.98853554176,0.1024,0.0512,28.992523146996376,1082130432,35710304256,1073473388544,0.0,32,992,32,766.5515018217266,4.2295077981374565,,,,,runs/stateful/full_paper/exp5_throughput_overhead_mistral_hf/hf_measurements/mistralai_Mistral-7B-Instruct-v0.3/ctx8192_out64_s0/metrics.json,,,,,,,8,4,2,2,2,cuda,balanced,"{""lm_head"": ""1"", ""model.embed_tokens"": ""0"", ""model.layers.0"": ""0"", ""model.layers.1"": ""0"", ""model.layers.10"": ""0"", ""model.layers.11"": ""0"", ""model.layers.12"": ""0"", ""model.layers.13"": ""0"", ""model.layers.14"": ""0"", ""model.layers.15"": ""0"", ""model.layers.16"": ""1"", ""model.layers.17"": ""1"", ""model.layers.18"": ""1"", ""model.layers.19"": ""1"", ""model.layers.2"": ""0"", ""model.layers.20"": ""1"", ""model.layers.21"": ""1"", ""model.layers.22"": ""1"", ""model.layers.23"": ""1"", ""model.layers.24"": ""1"", ""model.layers.25"": ""1"", ""model.layers.26"": ""1"", ""model.layers.27"": ""1"", ""model.layers.28"": ""1"", ""model.layers.29"": ""1"", ""model.layers.3"": ""0"", ""model.layers.30"": ""1"", ""model.layers.31"": ""1"", ""model.layers.4"": ""0"", ""model.layers.5"": ""0"", ""model.layers.6"": ""0"", ""model.layers.7"": ""0"", ""model.layers.8"": ""0"", ""model.layers.9"": ""0"", ""model.norm"": ""1"", ""model.rotary_emb"": ""1""}",0.7485854509977798
multi_4956945f6a93,0,mistralai/Mistral-7B-Instruct-v0.3,hf_measured,AAFLOW+,8192,64,16,4,32,True,False,,0.04016061691938505,554.5741977554221,4.2295077981374565,548.3369981441647,1.9692918131200001,0.0256,0.0128,236.34709391547509,1082130432,11308262964,385184325708,0.984375,1,2016,64,1533.1030036434531,4.2295077981374565,,,,,runs/stateful/full_paper/exp5_throughput_overhead_mistral_hf/hf_measurements/mistralai_Mistral-7B-Instruct-v0.3/ctx8192_out64_s0/metrics.json,,,,,,,8,8,2,2,2,cuda,balanced,"{""lm_head"": ""1"", ""model.embed_tokens"": ""0"", ""model.layers.0"": ""0"", ""model.layers.1"": ""0"", ""model.layers.10"": ""0"", ""model.layers.11"": ""0"", ""model.layers.12"": ""0"", ""model.layers.13"": ""0"", ""model.layers.14"": ""0"", ""model.layers.15"": ""0"", ""model.layers.16"": ""1"", ""model.layers.17"": ""1"", ""model.layers.18"": ""1"", ""model.layers.19"": ""1"", ""model.layers.2"": ""0"", ""model.layers.20"": ""1"", ""model.layers.21"": ""1"", ""model.layers.22"": ""1"", ""model.layers.23"": ""1"", ""model.layers.24"": ""1"", ""model.layers.25"": ""1"", ""model.layers.26"": ""1"", ""model.layers.27"": ""1"", ""model.layers.28"": ""1"", ""model.layers.29"": ""1"", ""model.layers.3"": ""0"", ""model.layers.30"": ""1"", ""model.layers.31"": ""1"", ""model.layers.4"": ""0"", ""model.layers.5"": ""0"", ""model.layers.6"": ""0"", ""model.layers.7"": ""0"", ""model.layers.8"": ""0"", ""model.layers.9"": ""0"", ""model.norm"": ""1"", ""model.rotary_emb"": ""1""}",0.7485854509977798
multi_bb793214c481,0,mistralai/Mistral-7B-Instruct-v0.3,hf_measured,dense_prefill,8192,64,16,4,32,True,False,,0.7821032853571649,5919.90138879677,1533.1030036434531,4386.695985153317,0.0,0.0,0.0032,22.140909348262067,1082130432,69256347648,0,0.0,64,0,64,1533.1030036434531,4.2295077981374565,,,,,runs/stateful/full_paper/exp5_throughput_overhead_mistral_hf/hf_measurements/mistralai_Mistral-7B-Instruct-v0.3/ctx8192_out64_s0/metrics.json,,,,,,,8,8,2,2,2,cuda,balanced,"{""lm_head"": ""1"", ""model.embed_tokens"": ""0"", ""model.layers.0"": ""0"", ""model.layers.1"": ""0"", ""model.layers.10"": ""0"", ""model.layers.11"": ""0"", ""model.layers.12"": ""0"", ""model.layers.13"": ""0"", ""model.layers.14"": ""0"", ""model.layers.15"": ""0"", ""model.layers.16"": ""1"", ""model.layers.17"": ""1"", ""model.layers.18"": ""1"", ""model.layers.19"": ""1"", ""model.layers.2"": ""0"", ""model.layers.20"": ""1"", ""model.layers.21"": ""1"", ""model.layers.22"": ""1"", ""model.layers.23"": ""1"", ""model.layers.24"": ""1"", ""model.layers.25"": ""1"", ""model.layers.26"": ""1"", ""model.layers.27"": ""1"", ""model.layers.28"": ""1"", ""model.layers.29"": ""1"", ""model.layers.3"": ""0"", ""model.layers.30"": ""1"", ""model.layers.31"": ""1"", ""model.layers.4"": ""0"", ""model.layers.5"": ""0"", ""model.layers.6"": ""0"", ""model.layers.7"": ""0"", ""model.layers.8"": ""0"", ""model.layers.9"": ""0"", ""model.norm"": ""1"", ""model.rotary_emb"": ""1""}",0.7485854509977798
multi_aea0f585b2de,0,mistralai/Mistral-7B-Instruct-v0.3,hf_measured,aaflow_text,8192,64,16,4,32,True,False,,0.7970749943771205,5950.56344886964,1533.1030036434531,4386.695985153317,0.0,0.0,30.764460072869063,22.026821682726236,1082130432,74796855459,0,0.0,2048,0,64,1533.1030036434531,4.2295077981374565,,,,,runs/stateful/full_paper/exp5_throughput_overhead_mistral_hf/hf_measurements/mistralai_Mistral-7B-Instruct-v0.3/ctx8192_out64_s0/metrics.json,,,,,,,8,8,2,2,2,cuda,balanced,"{""lm_head"": ""1"", ""model.embed_tokens"": ""0"", ""model.layers.0"": ""0"", ""model.layers.1"": ""0"", ""model.layers.10"": ""0"", ""model.layers.11"": ""0"", ""model.layers.12"": ""0"", ""model.layers.13"": ""0"", ""model.layers.14"": ""0"", ""model.layers.15"": ""0"", ""model.layers.16"": ""1"", ""model.layers.17"": ""1"", ""model.layers.18"": ""1"", ""model.layers.19"": ""1"", ""model.layers.2"": ""0"", ""model.layers.20"": ""1"", ""model.layers.21"": ""1"", ""model.layers.22"": ""1"", ""model.layers.23"": ""1"", ""model.layers.24"": ""1"", ""model.layers.25"": ""1"", ""model.layers.26"": ""1"", ""model.layers.27"": ""1"", ""model.layers.28"": ""1"", ""model.layers.29"": ""1"", ""model.layers.3"": ""0"", ""model.layers.30"": ""1"", ""model.layers.31"": ""1"", ""model.layers.4"": ""0"", ""model.layers.5"": ""0"", ""model.layers.6"": ""0"", ""model.layers.7"": ""0"", ""model.layers.8"": ""0"", ""model.layers.9"": ""0"", ""model.norm"": ""1"", ""model.rotary_emb"": ""1""}",0.7485854509977798
multi_8c7b8ac65d99,0,mistralai/Mistral-7B-Instruct-v0.3,hf_measured,vllm_local_prefix,8192,64,16,4,32,True,False,,0.19269068019641325,4322.031383160584,22.756997710332506,4298.962065450251,0.0,0.2048,0.10752,30.326480393150366,1082130432,25105425984,0,0.984375,32,0,64,1533.1030036434531,4.2295077981374565,,,,,runs/stateful/full_paper/exp5_throughput_overhead_mistral_hf/hf_measurements/mistralai_Mistral-7B-Instruct-v0.3/ctx8192_out64_s0/metrics.json,,,,,,,8,8,2,2,2,cuda,balanced,"{""lm_head"": ""1"", ""model.embed_tokens"": ""0"", ""model.layers.0"": ""0"", ""model.layers.1"": ""0"", ""model.layers.10"": ""0"", ""model.layers.11"": ""0"", ""model.layers.12"": ""0"", ""model.layers.13"": ""0"", ""model.layers.14"": ""0"", ""model.layers.15"": ""0"", ""model.layers.16"": ""1"", ""model.layers.17"": ""1"", ""model.layers.18"": ""1"", ""model.layers.19"": ""1"", ""model.layers.2"": ""0"", ""model.layers.20"": ""1"", ""model.layers.21"": ""1"", ""model.layers.22"": ""1"", ""model.layers.23"": ""1"", ""model.layers.24"": ""1"", ""model.layers.25"": ""1"", ""model.layers.26"": ""1"", ""model.layers.27"": ""1"", ""model.layers.28"": ""1"", ""model.layers.29"": ""1"", ""model.layers.3"": ""0"", ""model.layers.30"": ""1"", ""model.layers.31"": ""1"", ""model.layers.4"": ""0"", ""model.layers.5"": ""0"", ""model.layers.6"": ""0"", ""model.layers.7"": ""0"", ""model.layers.8"": ""0"", ""model.layers.9"": ""0"", ""model.norm"": ""1"", ""model.rotary_emb"": ""1""}",0.7485854509977798
multi_e9c7a8334911,0,mistralai/Mistral-7B-Instruct-v0.3,hf_measured,sglang_prefix,8192,64,16,4,32,True,False,,0.1337395759303381,4233.1048467359215,21.55926098873606,4211.2281457471845,0.0,0.2048,0.11264000000000002,30.963560966619454,1082130432,25105425984,0,0.984375,32,0,64,1533.1030036434531,4.2295077981374565,,,,,runs/stateful/full_paper/exp5_throughput_overhead_mistral_hf/hf_measurements/mistralai_Mistral-7B-Instruct-v0.3/ctx8192_out64_s0/metrics.json,,,,,,,8,8,2,2,2,cuda,balanced,"{""lm_head"": ""1"", ""model.embed_tokens"": ""0"", ""model.layers.0"": ""0"", ""model.layers.1"": ""0"", ""model.layers.10"": ""0"", ""model.layers.11"": ""0"", ""model.layers.12"": ""0"", ""model.layers.13"": ""0"", ""model.layers.14"": ""0"", ""model.layers.15"": ""0"", ""model.layers.16"": ""1"", ""model.layers.17"": ""1"", ""model.layers.18"": ""1"", ""model.layers.19"": ""1"", ""model.layers.2"": ""0"", ""model.layers.20"": ""1"", ""model.layers.21"": ""1"", ""model.layers.22"": ""1"", ""model.layers.23"": ""1"", ""model.layers.24"": ""1"", ""model.layers.25"": ""1"", ""model.layers.26"": ""1"", ""model.layers.27"": ""1"", ""model.layers.28"": ""1"", ""model.layers.29"": ""1"", ""model.layers.3"": ""0"", ""model.layers.30"": ""1"", ""model.layers.31"": ""1"", ""model.layers.4"": ""0"", ""model.layers.5"": ""0"", ""model.layers.6"": ""0"", ""model.layers.7"": ""0"", ""model.layers.8"": ""0"", ""model.layers.9"": ""0"", ""model.norm"": ""1"", ""model.rotary_emb"": ""1""}",0.7485854509977798
multi_e0c95c9ee50a,0,mistralai/Mistral-7B-Instruct-v0.3,hf_measured,kvcomm_prefix,8192,64,16,4,32,True,False,,0.28803688769863023,4923.863531117165,476.6992151953863,4386.695985153317,0.0,0.0,60.46833076846097,26.61974670330909,1082130432,21534395596,0,0.6890624999999999,32,0,64,1533.1030036434531,476.6992151953863,,,,,runs/stateful/full_paper/exp5_throughput_overhead_mistral_hf/hf_measurements/mistralai_Mistral-7B-Instruct-v0.3/ctx8192_out64_s0/metrics.json,False,measured_profile_simulation,,https://github.com/FastMAS/KVCOMM,60.36593076846097,0.7,8,8,2,2,2,cuda,balanced,"{""lm_head"": ""1"", ""model.embed_tokens"": ""0"", ""model.layers.0"": ""0"", ""model.layers.1"": ""0"", ""model.layers.10"": ""0"", ""model.layers.11"": ""0"", ""model.layers.12"": ""0"", ""model.layers.13"": ""0"", ""model.layers.14"": ""0"", ""model.layers.15"": ""0"", ""model.layers.16"": ""1"", ""model.layers.17"": ""1"", ""model.layers.18"": ""1"", ""model.layers.19"": ""1"", ""model.layers.2"": ""0"", ""model.layers.20"": ""1"", ""model.layers.21"": ""1"", ""model.layers.22"": ""1"", ""model.layers.23"": ""1"", ""model.layers.24"": ""1"", ""model.layers.25"": ""1"", ""model.layers.26"": ""1"", ""model.layers.27"": ""1"", ""model.layers.28"": ""1"", ""model.layers.29"": ""1"", ""model.layers.3"": ""0"", ""model.layers.30"": ""1"", ""model.layers.31"": ""1"", ""model.layers.4"": ""0"", ""model.layers.5"": ""0"", ""model.layers.6"": ""0"", ""model.layers.7"": ""0"", ""model.layers.8"": ""0"", ""model.layers.9"": ""0"", ""model.norm"": ""1"", ""model.rotary_emb"": ""1""}",0.7485854509977798
multi_44452f15ab9e,0,mistralai/Mistral-7B-Instruct-v0.3,hf_measured,distserve_style,8192,64,16,4,32,True,False,,0.07695305163938505,4498.321717621727,23.954734431928955,4386.695985153317,87.36379803648,0.2048,0.1024,29.13797816784391,1082130432,70338478080,2181574950912,0.0,32,2016,64,1533.1030036434531,4.2295077981374565,,,,,runs/stateful/full_paper/exp5_throughput_overhead_mistral_hf/hf_measurements/mistralai_Mistral-7B-Instruct-v0.3/ctx8192_out64_s0/metrics.json,,,,,,,8,8,2,2,2,cuda,balanced,"{""lm_head"": ""1"", ""model.embed_tokens"": ""0"", ""model.layers.0"": ""0"", ""model.layers.1"": ""0"", ""model.layers.10"": ""0"", ""model.layers.11"": ""0"", ""model.layers.12"": ""0"", ""model.layers.13"": ""0"", ""model.layers.14"": ""0"", ""model.layers.15"": ""0"", ""model.layers.16"": ""1"", ""model.layers.17"": ""1"", ""model.layers.18"": ""1"", ""model.layers.19"": ""1"", ""model.layers.2"": ""0"", ""model.layers.20"": ""1"", ""model.layers.21"": ""1"", ""model.layers.22"": ""1"", ""model.layers.23"": ""1"", ""model.layers.24"": ""1"", ""model.layers.25"": ""1"", ""model.layers.26"": ""1"", ""model.layers.27"": ""1"", ""model.layers.28"": ""1"", ""model.layers.29"": ""1"", ""model.layers.3"": ""0"", ""model.layers.30"": ""1"", ""model.layers.31"": ""1"", ""model.layers.4"": ""0"", ""model.layers.5"": ""0"", ""model.layers.6"": ""0"", ""model.layers.7"": ""0"", ""model.layers.8"": ""0"", ""model.layers.9"": ""0"", ""model.norm"": ""1"", ""model.rotary_emb"": ""1""}",0.7485854509977798
multi_b54125e7826c,0,mistralai/Mistral-7B-Instruct-v0.3,hf_measured,AAFLOW+,8192,128,4,4,32,True,False,,0.04041428830250486,280.55760428981006,4.217631763690225,275.8342579200398,0.49611460607999996,0.0064,0.0032,233.59195757995818,1090519040,3544186880,92421488640,0.9375,1,480,16,382.1995509751141,4.217631763690225,,,,,runs/stateful/full_paper/exp5_throughput_overhead_mistral_hf/hf_measurements/mistralai_Mistral-7B-Instruct-v0.3/ctx8192_out128_s0/metrics.json,,,,,,,8,2,2,2,2,cuda,balanced,"{""lm_head"": ""1"", ""model.embed_tokens"": ""0"", ""model.layers.0"": ""0"", ""model.layers.1"": ""0"", ""model.layers.10"": ""0"", ""model.layers.11"": ""0"", ""model.layers.12"": ""0"", ""model.layers.13"": ""0"", ""model.layers.14"": ""0"", ""model.layers.15"": ""0"", ""model.layers.16"": ""1"", ""model.layers.17"": ""1"", ""model.layers.18"": ""1"", ""model.layers.19"": ""1"", ""model.layers.2"": ""0"", ""model.layers.20"": ""1"", ""model.layers.21"": ""1"", ""model.layers.22"": ""1"", ""model.layers.23"": ""1"", ""model.layers.24"": ""1"", ""model.layers.25"": ""1"", ""model.layers.26"": ""1"", ""model.layers.27"": ""1"", ""model.layers.28"": ""1"", ""model.layers.29"": ""1"", ""model.layers.3"": ""0"", ""model.layers.30"": ""1"", ""model.layers.31"": ""1"", ""model.layers.4"": ""0"", ""model.layers.5"": ""0"", ""model.layers.6"": ""0"", ""model.layers.7"": ""0"", ""model.layers.8"": ""0"", ""model.layers.9"": ""0"", ""model.norm"": ""1"", ""model.rotary_emb"": ""1""}",0.7464834979982697
multi_846359e6da0a,0,mistralai/Mistral-7B-Instruct-v0.3,hf_measured,dense_prefill,8192,128,4,4,32,True,False,,0.7802046720607746,2588.8992143354326,382.1995509751141,2206.6740633603185,0.0,0.0,0.0008,25.31423380142012,1090519040,17448304640,0,0.0,16,0,16,382.1995509751141,4.217631763690225,,,,,runs/stateful/full_paper/exp5_throughput_overhead_mistral_hf/hf_measurements/mistralai_Mistral-7B-Instruct-v0.3/ctx8192_out128_s0/metrics.json,,,,,,,8,2,2,2,2,cuda,balanced,"{""lm_head"": ""1"", ""model.embed_tokens"": ""0"", ""model.layers.0"": ""0"", ""model.layers.1"": ""0"", ""model.layers.10"": ""0"", ""model.layers.11"": ""0"", ""model.layers.12"": ""0"", ""model.layers.13"": ""0"", ""model.layers.14"": ""0"", ""model.layers.15"": ""0"", ""model.layers.16"": ""1"", ""model.layers.17"": ""1"", ""model.layers.18"": ""1"", ""model.layers.19"": ""1"", ""model.layers.2"": ""0"", ""model.layers.20"": ""1"", ""model.layers.21"": ""1"", ""model.layers.22"": ""1"", ""model.layers.23"": ""1"", ""model.layers.24"": ""1"", ""model.layers.25"": ""1"", ""model.layers.26"": ""1"", ""model.layers.27"": ""1"", ""model.layers.28"": ""1"", ""model.layers.29"": ""1"", ""model.layers.3"": ""0"", ""model.layers.30"": ""1"", ""model.layers.31"": ""1"", ""model.layers.4"": ""0"", ""model.layers.5"": ""0"", ""model.layers.6"": ""0"", ""model.layers.7"": ""0"", ""model.layers.8"": ""0"", ""model.layers.9"": ""0"", ""model.norm"": ""1"", ""model.rotary_emb"": ""1""}",0.7464834979982697
multi_070613b2322d,0,mistralai/Mistral-7B-Instruct-v0.3,hf_measured,aaflow_text,8192,128,4,4,32,True,False,,0.79513434202074,2596.543205354935,382.1995509751141,2206.6740633603185,0.0,0.0,7.669591019502282,25.23971096065068,1090519040,18844169011,0,0.0,512,0,16,382.1995509751141,4.217631763690225,,,,,runs/stateful/full_paper/exp5_throughput_overhead_mistral_hf/hf_measurements/mistralai_Mistral-7B-Instruct-v0.3/ctx8192_out128_s0/metrics.json,,,,,,,8,2,2,2,2,cuda,balanced,"{""lm_head"": ""1"", ""model.embed_tokens"": ""0"", ""model.layers.0"": ""0"", ""model.layers.1"": ""0"", ""model.layers.10"": ""0"", ""model.layers.11"": ""0"", ""model.layers.12"": ""0"", ""model.layers.13"": ""0"", ""model.layers.14"": ""0"", ""model.layers.15"": ""0"", ""model.layers.16"": ""1"", ""model.layers.17"": ""1"", ""model.layers.18"": ""1"", ""model.layers.19"": ""1"", ""model.layers.2"": ""0"", ""model.layers.20"": ""1"", ""model.layers.21"": ""1"", ""model.layers.22"": ""1"", ""model.layers.23"": ""1"", ""model.layers.24"": ""1"", ""model.layers.25"": ""1"", ""model.layers.26"": ""1"", ""model.layers.27"": ""1"", ""model.layers.28"": ""1"", ""model.layers.29"": ""1"", ""model.layers.3"": ""0"", ""model.layers.30"": ""1"", ""model.layers.31"": ""1"", ""model.layers.4"": ""0"", ""model.layers.5"": ""0"", ""model.layers.6"": ""0"", ""model.layers.7"": ""0"", ""model.layers.8"": ""0"", ""model.layers.9"": ""0"", ""model.norm"": ""1"", ""model.rotary_emb"": ""1""}",0.7464834979982697
multi_22df5868d557,0,mistralai/Mistral-7B-Instruct-v0.3,hf_measured,vllm_local_prefix,8192,128,4,4,32,True,False,,0.22043579856207227,2185.3117604322597,22.6930983391474,2162.5405820931123,0.0,0.0512,0.02688,29.989313738483165,1090519040,6325010432,0,0.9375,32,0,16,382.1995509751141,4.217631763690225,,,,,runs/stateful/full_paper/exp5_throughput_overhead_mistral_hf/hf_measurements/mistralai_Mistral-7B-Instruct-v0.3/ctx8192_out128_s0/metrics.json,,,,,,,8,2,2,2,2,cuda,balanced,"{""lm_head"": ""1"", ""model.embed_tokens"": ""0"", ""model.layers.0"": ""0"", ""model.layers.1"": ""0"", ""model.layers.10"": ""0"", ""model.layers.11"": ""0"", ""model.layers.12"": ""0"", ""model.layers.13"": ""0"", ""model.layers.14"": ""0"", ""model.layers.15"": ""0"", ""model.layers.16"": ""1"", ""model.layers.17"": ""1"", ""model.layers.18"": ""1"", ""model.layers.19"": ""1"", ""model.layers.2"": ""0"", ""model.layers.20"": ""1"", ""model.layers.21"": ""1"", ""model.layers.22"": ""1"", ""model.layers.23"": ""1"", ""model.layers.24"": ""1"", ""model.layers.25"": ""1"", ""model.layers.26"": ""1"", ""model.layers.27"": ""1"", ""model.layers.28"": ""1"", ""model.layers.29"": ""1"", ""model.layers.3"": ""0"", ""model.layers.30"": ""1"", ""model.layers.31"": ""1"", ""model.layers.4"": ""0"", ""model.layers.5"": ""0"", ""model.layers.6"": ""0"", ""model.layers.7"": ""0"", ""model.layers.8"": ""0"", ""model.layers.9"": ""0"", ""model.norm"": ""1"", ""model.rotary_emb"": ""1""}",0.7464834979982697
multi_9c86b9d0d511,0,mistralai/Mistral-7B-Instruct-v0.3,hf_measured,sglang_prefix,8192,128,4,4,32,True,False,,0.16444953621220207,2139.9851855682555,21.49872474235017,2118.4071008259057,0.0,0.0512,0.028160000000000004,30.624511067630337,1090519040,6325010432,0,0.9375,32,0,16,382.1995509751141,4.217631763690225,,,,,runs/stateful/full_paper/exp5_throughput_overhead_mistral_hf/hf_measurements/mistralai_Mistral-7B-Instruct-v0.3/ctx8192_out128_s0/metrics.json,,,,,,,8,2,2,2,2,cuda,balanced,"{""lm_head"": ""1"", ""model.embed_tokens"": ""0"", ""model.layers.0"": ""0"", ""model.layers.1"": ""0"", ""model.layers.10"": ""0"", ""model.layers.11"": ""0"", ""model.layers.12"": ""0"", ""model.layers.13"": ""0"", ""model.layers.14"": ""0"", ""model.layers.15"": ""0"", ""model.layers.16"": ""1"", ""model.layers.17"": ""1"", ""model.layers.18"": ""1"", ""model.layers.19"": ""1"", ""model.layers.2"": ""0"", ""model.layers.20"": ""1"", ""model.layers.21"": ""1"", ""model.layers.22"": ""1"", ""model.layers.23"": ""1"", ""model.layers.24"": ""1"", ""model.layers.25"": ""1"", ""model.layers.26"": ""1"", ""model.layers.27"": ""1"", ""model.layers.28"": ""1"", ""model.layers.29"": ""1"", ""model.layers.3"": ""0"", ""model.layers.30"": ""1"", ""model.layers.31"": ""1"", ""model.layers.4"": ""0"", ""model.layers.5"": ""0"", ""model.layers.6"": ""0"", ""model.layers.7"": ""0"", ""model.layers.8"": ""0"", ""model.layers.9"": ""0"", ""model.norm"": ""1"", ""model.rotary_emb"": ""1""}",0.7464834979982697
multi_d0cfc57b156a,0,mistralai/Mistral-7B-Instruct-v0.3,hf_measured,kvcomm_prefix,8192,128,4,4,32,True,False,,0.2875255633819166,2352.413242169581,131.38109564769547,2206.6740633603185,0.0,0.0,14.35808316156678,27.859050793115557,1090519040,5997854720,0,0.65625,32,0,16,382.1995509751141,131.38109564769547,,,,,runs/stateful/full_paper/exp5_throughput_overhead_mistral_hf/hf_measurements/mistralai_Mistral-7B-Instruct-v0.3/ctx8192_out128_s0/metrics.json,False,measured_profile_simulation,,https://github.com/FastMAS/KVCOMM,14.33248316156678,0.7,8,2,2,2,2,cuda,balanced,"{""lm_head"": ""1"", ""model.embed_tokens"": ""0"", ""model.layers.0"": ""0"", ""model.layers.1"": ""0"", ""model.layers.10"": ""0"", ""model.layers.11"": ""0"", ""model.layers.12"": ""0"", ""model.layers.13"": ""0"", ""model.layers.14"": ""0"", ""model.layers.15"": ""0"", ""model.layers.16"": ""1"", ""model.layers.17"": ""1"", ""model.layers.18"": ""1"", ""model.layers.19"": ""1"", ""model.layers.2"": ""0"", ""model.layers.20"": ""1"", ""model.layers.21"": ""1"", ""model.layers.22"": ""1"", ""model.layers.23"": ""1"", ""model.layers.24"": ""1"", ""model.layers.25"": ""1"", ""model.layers.26"": ""1"", ""model.layers.27"": ""1"", ""model.layers.28"": ""1"", ""model.layers.29"": ""1"", ""model.layers.3"": ""0"", ""model.layers.30"": ""1"", ""model.layers.31"": ""1"", ""model.layers.4"": ""0"", ""model.layers.5"": ""0"", ""model.layers.6"": ""0"", ""model.layers.7"": ""0"", ""model.layers.8"": ""0"", ""model.layers.9"": ""0"", ""model.norm"": ""1"", ""model.rotary_emb"": ""1""}",0.7464834979982697
multi_39ba28a91f52,0,mistralai/Mistral-7B-Instruct-v0.3,hf_measured,distserve_style,8192,128,4,4,32,True,False,,0.07749193566250487,2251.600300864263,23.88747193594463,2206.6740633603185,20.961965568,0.0512,0.0256,29.106409327998584,1090519040,18538823680,523449139200,0.0,32,480,16,382.1995509751141,4.217631763690225,,,,,runs/stateful/full_paper/exp5_throughput_overhead_mistral_hf/hf_measurements/mistralai_Mistral-7B-Instruct-v0.3/ctx8192_out128_s0/metrics.json,,,,,,,8,2,2,2,2,cuda,balanced,"{""lm_head"": ""1"", ""model.embed_tokens"": ""0"", ""model.layers.0"": ""0"", ""model.layers.1"": ""0"", ""model.layers.10"": ""0"", ""model.layers.11"": ""0"", ""model.layers.12"": ""0"", ""model.layers.13"": ""0"", ""model.layers.14"": ""0"", ""model.layers.15"": ""0"", ""model.layers.16"": ""1"", ""model.layers.17"": ""1"", ""model.layers.18"": ""1"", ""model.layers.19"": ""1"", ""model.layers.2"": ""0"", ""model.layers.20"": ""1"", ""model.layers.21"": ""1"", ""model.layers.22"": ""1"", ""model.layers.23"": ""1"", ""model.layers.24"": ""1"", ""model.layers.25"": ""1"", ""model.layers.26"": ""1"", ""model.layers.27"": ""1"", ""model.layers.28"": ""1"", ""model.layers.29"": ""1"", ""model.layers.3"": ""0"", ""model.layers.30"": ""1"", ""model.layers.31"": ""1"", ""model.layers.4"": ""0"", ""model.layers.5"": ""0"", ""model.layers.6"": ""0"", ""model.layers.7"": ""0"", ""model.layers.8"": ""0"", ""model.layers.9"": ""0"", ""model.norm"": ""1"", ""model.rotary_emb"": ""1""}",0.7464834979982697
multi_b79e9396d411,0,mistralai/Mistral-7B-Instruct-v0.3,hf_measured,AAFLOW+,8192,128,8,4,32,True,False,,0.04041428830250486,556.8975768159298,4.217631763690225,551.6685158400796,0.9922292121599999,0.0128,0.0064,235.3610528338193,1090519040,6161432576,191004409856,0.96875,1,992,32,764.3991019502282,4.217631763690225,,,,,runs/stateful/full_paper/exp5_throughput_overhead_mistral_hf/hf_measurements/mistralai_Mistral-7B-Instruct-v0.3/ctx8192_out128_s0/metrics.json,,,,,,,8,4,2,2,2,cuda,balanced,"{""lm_head"": ""1"", ""model.embed_tokens"": ""0"", ""model.layers.0"": ""0"", ""model.layers.1"": ""0"", ""model.layers.10"": ""0"", ""model.layers.11"": ""0"", ""model.layers.12"": ""0"", ""model.layers.13"": ""0"", ""model.layers.14"": ""0"", ""model.layers.15"": ""0"", ""model.layers.16"": ""1"", ""model.layers.17"": ""1"", ""model.layers.18"": ""1"", ""model.layers.19"": ""1"", ""model.layers.2"": ""0"", ""model.layers.20"": ""1"", ""model.layers.21"": ""1"", ""model.layers.22"": ""1"", ""model.layers.23"": ""1"", ""model.layers.24"": ""1"", ""model.layers.25"": ""1"", ""model.layers.26"": ""1"", ""model.layers.27"": ""1"", ""model.layers.28"": ""1"", ""model.layers.29"": ""1"", ""model.layers.3"": ""0"", ""model.layers.30"": ""1"", ""model.layers.31"": ""1"", ""model.layers.4"": ""0"", ""model.layers.5"": ""0"", ""model.layers.6"": ""0"", ""model.layers.7"": ""0"", ""model.layers.8"": ""0"", ""model.layers.9"": ""0"", ""model.norm"": ""1"", ""model.rotary_emb"": ""1""}",0.7464834979982697
multi_955c8d81a5fc,0,mistralai/Mistral-7B-Instruct-v0.3,hf_measured,dense_prefill,8192,128,8,4,32,True,False,,0.7802046720607746,5177.798428670865,764.3991019502282,4413.348126720637,0.0,0.0,0.0016,25.31423380142012,1090519040,34896609280,0,0.0,32,0,32,764.3991019502282,4.217631763690225,,,,,runs/stateful/full_paper/exp5_throughput_overhead_mistral_hf/hf_measurements/mistralai_Mistral-7B-Instruct-v0.3/ctx8192_out128_s0/metrics.json,,,,,,,8,4,2,2,2,cuda,balanced,"{""lm_head"": ""1"", ""model.embed_tokens"": ""0"", ""model.layers.0"": ""0"", ""model.layers.1"": ""0"", ""model.layers.10"": ""0"", ""model.layers.11"": ""0"", ""model.layers.12"": ""0"", ""model.layers.13"": ""0"", ""model.layers.14"": ""0"", ""model.layers.15"": ""0"", ""model.layers.16"": ""1"", ""model.layers.17"": ""1"", ""model.layers.18"": ""1"", ""model.layers.19"": ""1"", ""model.layers.2"": ""0"", ""model.layers.20"": ""1"", ""model.layers.21"": ""1"", ""model.layers.22"": ""1"", ""model.layers.23"": ""1"", ""model.layers.24"": ""1"", ""model.layers.25"": ""1"", ""model.layers.26"": ""1"", ""model.layers.27"": ""1"", ""model.layers.28"": ""1"", ""model.layers.29"": ""1"", ""model.layers.3"": ""0"", ""model.layers.30"": ""1"", ""model.layers.31"": ""1"", ""model.layers.4"": ""0"", ""model.layers.5"": ""0"", ""model.layers.6"": ""0"", ""model.layers.7"": ""0"", ""model.layers.8"": ""0"", ""model.layers.9"": ""0"", ""model.norm"": ""1"", ""model.rotary_emb"": ""1""}",0.7464834979982697
multi_0493a8d22a4e,0,mistralai/Mistral-7B-Instruct-v0.3,hf_measured,aaflow_text,8192,128,8,4,32,True,False,,0.79513434202074,5193.08641070987,764.3991019502282,4413.348126720637,0.0,0.0,15.339182039004564,25.23971096065068,1090519040,37688338022,0,0.0,1024,0,32,764.3991019502282,4.217631763690225,,,,,runs/stateful/full_paper/exp5_throughput_overhead_mistral_hf/hf_measurements/mistralai_Mistral-7B-Instruct-v0.3/ctx8192_out128_s0/metrics.json,,,,,,,8,4,2,2,2,cuda,balanced,"{""lm_head"": ""1"", ""model.embed_tokens"": ""0"", ""model.layers.0"": ""0"", ""model.layers.1"": ""0"", ""model.layers.10"": ""0"", ""model.layers.11"": ""0"", ""model.layers.12"": ""0"", ""model.layers.13"": ""0"", ""model.layers.14"": ""0"", ""model.layers.15"": ""0"", ""model.layers.16"": ""1"", ""model.layers.17"": ""1"", ""model.layers.18"": ""1"", ""model.layers.19"": ""1"", ""model.layers.2"": ""0"", ""model.layers.20"": ""1"", ""model.layers.21"": ""1"", ""model.layers.22"": ""1"", ""model.layers.23"": ""1"", ""model.layers.24"": ""1"", ""model.layers.25"": ""1"", ""model.layers.26"": ""1"", ""model.layers.27"": ""1"", ""model.layers.28"": ""1"", ""model.layers.29"": ""1"", ""model.layers.3"": ""0"", ""model.layers.30"": ""1"", ""model.layers.31"": ""1"", ""model.layers.4"": ""0"", ""model.layers.5"": ""0"", ""model.layers.6"": ""0"", ""model.layers.7"": ""0"", ""model.layers.8"": ""0"", ""model.layers.9"": ""0"", ""model.norm"": ""1"", ""model.rotary_emb"": ""1""}",0.7464834979982697
multi_4a75a8665365,0,mistralai/Mistral-7B-Instruct-v0.3,hf_measured,vllm_local_prefix,8192,128,8,4,32,True,False,,0.20177683611211553,4347.930422525372,22.6930983391474,4325.081164186225,0.0,0.1024,0.05376,30.145836584908036,1090519040,12650020864,0,0.96875,32,0,32,764.3991019502282,4.217631763690225,,,,,runs/stateful/full_paper/exp5_throughput_overhead_mistral_hf/hf_measurements/mistralai_Mistral-7B-Instruct-v0.3/ctx8192_out128_s0/metrics.json,,,,,,,8,4,2,2,2,cuda,balanced,"{""lm_head"": ""1"", ""model.embed_tokens"": ""0"", ""model.layers.0"": ""0"", ""model.layers.1"": ""0"", ""model.layers.10"": ""0"", ""model.layers.11"": ""0"", ""model.layers.12"": ""0"", ""model.layers.13"": ""0"", ""model.layers.14"": ""0"", ""model.layers.15"": ""0"", ""model.layers.16"": ""1"", ""model.layers.17"": ""1"", ""model.layers.18"": ""1"", ""model.layers.19"": ""1"", ""model.layers.2"": ""0"", ""model.layers.20"": ""1"", ""model.layers.21"": ""1"", ""model.layers.22"": ""1"", ""model.layers.23"": ""1"", ""model.layers.24"": ""1"", ""model.layers.25"": ""1"", ""model.layers.26"": ""1"", ""model.layers.27"": ""1"", ""model.layers.28"": ""1"", ""model.layers.29"": ""1"", ""model.layers.3"": ""0"", ""model.layers.30"": ""1"", ""model.layers.31"": ""1"", ""model.layers.4"": ""0"", ""model.layers.5"": ""0"", ""model.layers.6"": ""0"", ""model.layers.7"": ""0"", ""model.layers.8"": ""0"", ""model.layers.9"": ""0"", ""model.norm"": ""1"", ""model.rotary_emb"": ""1""}",0.7464834979982697
multi_f1cf4e9fbc67,0,mistralai/Mistral-7B-Instruct-v0.3,hf_measured,sglang_prefix,8192,128,8,4,32,True,False,,0.14392436501724964,4258.471646394161,21.49872474235017,4236.814201651811,0.0,0.1024,0.05632000000000001,30.77911769378212,1090519040,12650020864,0,0.96875,32,0,32,764.3991019502282,4.217631763690225,,,,,runs/stateful/full_paper/exp5_throughput_overhead_mistral_hf/hf_measurements/mistralai_Mistral-7B-Instruct-v0.3/ctx8192_out128_s0/metrics.json,,,,,,,8,4,2,2,2,cuda,balanced,"{""lm_head"": ""1"", ""model.embed_tokens"": ""0"", ""model.layers.0"": ""0"", ""model.layers.1"": ""0"", ""model.layers.10"": ""0"", ""model.layers.11"": ""0"", ""model.layers.12"": ""0"", ""model.layers.13"": ""0"", ""model.layers.14"": ""0"", ""model.layers.15"": ""0"", ""model.layers.16"": ""1"", ""model.layers.17"": ""1"", ""model.layers.18"": ""1"", ""model.layers.19"": ""1"", ""model.layers.2"": ""0"", ""model.layers.20"": ""1"", ""model.layers.21"": ""1"", ""model.layers.22"": ""1"", ""model.layers.23"": ""1"", ""model.layers.24"": ""1"", ""model.layers.25"": ""1"", ""model.layers.26"": ""1"", ""model.layers.27"": ""1"", ""model.layers.28"": ""1"", ""model.layers.29"": ""1"", ""model.layers.3"": ""0"", ""model.layers.30"": ""1"", ""model.layers.31"": ""1"", ""model.layers.4"": ""0"", ""model.layers.5"": ""0"", ""model.layers.6"": ""0"", ""model.layers.7"": ""0"", ""model.layers.8"": ""0"", ""model.layers.9"": ""0"", ""model.norm"": ""1"", ""model.rotary_emb"": ""1""}",0.7464834979982697
multi_0b5b76f9bf15,0,mistralai/Mistral-7B-Instruct-v0.3,hf_measured,kvcomm_prefix,8192,128,8,4,32,True,False,,0.2875255633819166,4689.060752861438,246.04096094022975,4413.348126720637,0.0,0.0,29.671665200571347,27.952719512114452,1090519040,11232346112,0,0.678125,32,0,32,764.3991019502282,246.04096094022975,,,,,runs/stateful/full_paper/exp5_throughput_overhead_mistral_hf/hf_measurements/mistralai_Mistral-7B-Instruct-v0.3/ctx8192_out128_s0/metrics.json,False,measured_profile_simulation,,https://github.com/FastMAS/KVCOMM,29.620465200571346,0.7,8,4,2,2,2,cuda,balanced,"{""lm_head"": ""1"", ""model.embed_tokens"": ""0"", ""model.layers.0"": ""0"", ""model.layers.1"": ""0"", ""model.layers.10"": ""0"", ""model.layers.11"": ""0"", ""model.layers.12"": ""0"", ""model.layers.13"": ""0"", ""model.layers.14"": ""0"", ""model.layers.15"": ""0"", ""model.layers.16"": ""1"", ""model.layers.17"": ""1"", ""model.layers.18"": ""1"", ""model.layers.19"": ""1"", ""model.layers.2"": ""0"", ""model.layers.20"": ""1"", ""model.layers.21"": ""1"", ""model.layers.22"": ""1"", ""model.layers.23"": ""1"", ""model.layers.24"": ""1"", ""model.layers.25"": ""1"", ""model.layers.26"": ""1"", ""model.layers.27"": ""1"", ""model.layers.28"": ""1"", ""model.layers.29"": ""1"", ""model.layers.3"": ""0"", ""model.layers.30"": ""1"", ""model.layers.31"": ""1"", ""model.layers.4"": ""0"", ""model.layers.5"": ""0"", ""model.layers.6"": ""0"", ""model.layers.7"": ""0"", ""model.layers.8"": ""0"", ""model.layers.9"": ""0"", ""model.norm"": ""1"", ""model.rotary_emb"": ""1""}",0.7464834979982697
multi_9eaa928a41d9,0,mistralai/Mistral-7B-Instruct-v0.3,hf_measured,distserve_style,8192,128,8,4,32,True,False,,0.07749193566250487,4480.710594163781,23.88747193594463,4413.348126720637,43.3213955072,0.1024,0.0512,29.25250297814905,1090519040,35987128320,1081794887680,0.0,32,992,32,764.3991019502282,4.217631763690225,,,,,runs/stateful/full_paper/exp5_throughput_overhead_mistral_hf/hf_measurements/mistralai_Mistral-7B-Instruct-v0.3/ctx8192_out128_s0/metrics.json,,,,,,,8,4,2,2,2,cuda,balanced,"{""lm_head"": ""1"", ""model.embed_tokens"": ""0"", ""model.layers.0"": ""0"", ""model.layers.1"": ""0"", ""model.layers.10"": ""0"", ""model.layers.11"": ""0"", ""model.layers.12"": ""0"", ""model.layers.13"": ""0"", ""model.layers.14"": ""0"", ""model.layers.15"": ""0"", ""model.layers.16"": ""1"", ""model.layers.17"": ""1"", ""model.layers.18"": ""1"", ""model.layers.19"": ""1"", ""model.layers.2"": ""0"", ""model.layers.20"": ""1"", ""model.layers.21"": ""1"", ""model.layers.22"": ""1"", ""model.layers.23"": ""1"", ""model.layers.24"": ""1"", ""model.layers.25"": ""1"", ""model.layers.26"": ""1"", ""model.layers.27"": ""1"", ""model.layers.28"": ""1"", ""model.layers.29"": ""1"", ""model.layers.3"": ""0"", ""model.layers.30"": ""1"", ""model.layers.31"": ""1"", ""model.layers.4"": ""0"", ""model.layers.5"": ""0"", ""model.layers.6"": ""0"", ""model.layers.7"": ""0"", ""model.layers.8"": ""0"", ""model.layers.9"": ""0"", ""model.norm"": ""1"", ""model.rotary_emb"": ""1""}",0.7464834979982697
multi_748d6b366623,0,mistralai/Mistral-7B-Instruct-v0.3,hf_measured,AAFLOW+,8192,128,16,4,32,True,False,,0.04041428830250486,1109.5775218681695,4.217631763690225,1103.3370316801593,1.9844584243199999,0.0256,0.0128,236.25568726251262,1090519040,11395923968,388170252288,0.984375,1,2016,64,1528.7982039004564,4.217631763690225,,,,,runs/stateful/full_paper/exp5_throughput_overhead_mistral_hf/hf_measurements/mistralai_Mistral-7B-Instruct-v0.3/ctx8192_out128_s0/metrics.json,,,,,,,8,8,2,2,2,cuda,balanced,"{""lm_head"": ""1"", ""model.embed_tokens"": ""0"", ""model.layers.0"": ""0"", ""model.layers.1"": ""0"", ""model.layers.10"": ""0"", ""model.layers.11"": ""0"", ""model.layers.12"": ""0"", ""model.layers.13"": ""0"", ""model.layers.14"": ""0"", ""model.layers.15"": ""0"", ""model.layers.16"": ""1"", ""model.layers.17"": ""1"", ""model.layers.18"": ""1"", ""model.layers.19"": ""1"", ""model.layers.2"": ""0"", ""model.layers.20"": ""1"", ""model.layers.21"": ""1"", ""model.layers.22"": ""1"", ""model.layers.23"": ""1"", ""model.layers.24"": ""1"", ""model.layers.25"": ""1"", ""model.layers.26"": ""1"", ""model.layers.27"": ""1"", ""model.layers.28"": ""1"", ""model.layers.29"": ""1"", ""model.layers.3"": ""0"", ""model.layers.30"": ""1"", ""model.layers.31"": ""1"", ""model.layers.4"": ""0"", ""model.layers.5"": ""0"", ""model.layers.6"": ""0"", ""model.layers.7"": ""0"", ""model.layers.8"": ""0"", ""model.layers.9"": ""0"", ""model.norm"": ""1"", ""model.rotary_emb"": ""1""}",0.7464834979982697
multi_f2a9b90b4d0a,0,mistralai/Mistral-7B-Instruct-v0.3,hf_measured,dense_prefill,8192,128,16,4,32,True,False,,0.7802046720607746,10355.59685734173,1528.7982039004564,8826.696253441274,0.0,0.0,0.0032,25.31423380142012,1090519040,69793218560,0,0.0,64,0,64,1528.7982039004564,4.217631763690225,,,,,runs/stateful/full_paper/exp5_throughput_overhead_mistral_hf/hf_measurements/mistralai_Mistral-7B-Instruct-v0.3/ctx8192_out128_s0/metrics.json,,,,,,,8,8,2,2,2,cuda,balanced,"{""lm_head"": ""1"", ""model.embed_tokens"": ""0"", ""model.layers.0"": ""0"", ""model.layers.1"": ""0"", ""model.layers.10"": ""0"", ""model.layers.11"": ""0"", ""model.layers.12"": ""0"", ""model.layers.13"": ""0"", ""model.layers.14"": ""0"", ""model.layers.15"": ""0"", ""model.layers.16"": ""1"", ""model.layers.17"": ""1"", ""model.layers.18"": ""1"", ""model.layers.19"": ""1"", ""model.layers.2"": ""0"", ""model.layers.20"": ""1"", ""model.layers.21"": ""1"", ""model.layers.22"": ""1"", ""model.layers.23"": ""1"", ""model.layers.24"": ""1"", ""model.layers.25"": ""1"", ""model.layers.26"": ""1"", ""model.layers.27"": ""1"", ""model.layers.28"": ""1"", ""model.layers.29"": ""1"", ""model.layers.3"": ""0"", ""model.layers.30"": ""1"", ""model.layers.31"": ""1"", ""model.layers.4"": ""0"", ""model.layers.5"": ""0"", ""model.layers.6"": ""0"", ""model.layers.7"": ""0"", ""model.layers.8"": ""0"", ""model.layers.9"": ""0"", ""model.norm"": ""1"", ""model.rotary_emb"": ""1""}",0.7464834979982697
multi_e04e7ea29650,0,mistralai/Mistral-7B-Instruct-v0.3,hf_measured,aaflow_text,8192,128,16,4,32,True,False,,0.79513434202074,10386.17282141974,1528.7982039004564,8826.696253441274,0.0,0.0,30.67836407800913,25.23971096065068,1090519040,75376676044,0,0.0,2048,0,64,1528.7982039004564,4.217631763690225,,,,,runs/stateful/full_paper/exp5_throughput_overhead_mistral_hf/hf_measurements/mistralai_Mistral-7B-Instruct-v0.3/ctx8192_out128_s0/metrics.json,,,,,,,8,8,2,2,2,cuda,balanced,"{""lm_head"": ""1"", ""model.embed_tokens"": ""0"", ""model.layers.0"": ""0"", ""model.layers.1"": ""0"", ""model.layers.10"": ""0"", ""model.layers.11"": ""0"", ""model.layers.12"": ""0"", ""model.layers.13"": ""0"", ""model.layers.14"": ""0"", ""model.layers.15"": ""0"", ""model.layers.16"": ""1"", ""model.layers.17"": ""1"", ""model.layers.18"": ""1"", ""model.layers.19"": ""1"", ""model.layers.2"": ""0"", ""model.layers.20"": ""1"", ""model.layers.21"": ""1"", ""model.layers.22"": ""1"", ""model.layers.23"": ""1"", ""model.layers.24"": ""1"", ""model.layers.25"": ""1"", ""model.layers.26"": ""1"", ""model.layers.27"": ""1"", ""model.layers.28"": ""1"", ""model.layers.29"": ""1"", ""model.layers.3"": ""0"", ""model.layers.30"": ""1"", ""model.layers.31"": ""1"", ""model.layers.4"": ""0"", ""model.layers.5"": ""0"", ""model.layers.6"": ""0"", ""model.layers.7"": ""0"", ""model.layers.8"": ""0"", ""model.layers.9"": ""0"", ""model.norm"": ""1"", ""model.rotary_emb"": ""1""}",0.7464834979982697
multi_629741f94d20,0,mistralai/Mistral-7B-Instruct-v0.3,hf_measured,vllm_local_prefix,8192,128,16,4,32,True,False,,0.19244735488713716,8673.167746711595,22.6930983391474,8650.16232837245,0.0,0.2048,0.10752,30.22471231452788,1090519040,25300041728,0,0.984375,32,0,64,1528.7982039004564,4.217631763690225,,,,,runs/stateful/full_paper/exp5_throughput_overhead_mistral_hf/hf_measurements/mistralai_Mistral-7B-Instruct-v0.3/ctx8192_out128_s0/metrics.json,,,,,,,8,8,2,2,2,cuda,balanced,"{""lm_head"": ""1"", ""model.embed_tokens"": ""0"", ""model.layers.0"": ""0"", ""model.layers.1"": ""0"", ""model.layers.10"": ""0"", ""model.layers.11"": ""0"", ""model.layers.12"": ""0"", ""model.layers.13"": ""0"", ""model.layers.14"": ""0"", ""model.layers.15"": ""0"", ""model.layers.16"": ""1"", ""model.layers.17"": ""1"", ""model.layers.18"": ""1"", ""model.layers.19"": ""1"", ""model.layers.2"": ""0"", ""model.layers.20"": ""1"", ""model.layers.21"": ""1"", ""model.layers.22"": ""1"", ""model.layers.23"": ""1"", ""model.layers.24"": ""1"", ""model.layers.25"": ""1"", ""model.layers.26"": ""1"", ""model.layers.27"": ""1"", ""model.layers.28"": ""1"", ""model.layers.29"": ""1"", ""model.layers.3"": ""0"", ""model.layers.30"": ""1"", ""model.layers.31"": ""1"", ""model.layers.4"": ""0"", ""model.layers.5"": ""0"", ""model.layers.6"": ""0"", ""model.layers.7"": ""0"", ""model.layers.8"": ""0"", ""model.layers.9"": ""0"", ""model.norm"": ""1"", ""model.rotary_emb"": ""1""}",0.7464834979982697
multi_f15c850ddeb0,0,mistralai/Mistral-7B-Instruct-v0.3,hf_measured,sglang_prefix,8192,128,16,4,32,True,False,,0.13366177941977345,8495.444568045972,21.49872474235017,8473.628403303623,0.0,0.2048,0.11264000000000002,30.857007882319152,1090519040,25300041728,0,0.984375,32,0,64,1528.7982039004564,4.217631763690225,,,,,runs/stateful/full_paper/exp5_throughput_overhead_mistral_hf/hf_measurements/mistralai_Mistral-7B-Instruct-v0.3/ctx8192_out128_s0/metrics.json,,,,,,,8,8,2,2,2,cuda,balanced,"{""lm_head"": ""1"", ""model.embed_tokens"": ""0"", ""model.layers.0"": ""0"", ""model.layers.1"": ""0"", ""model.layers.10"": ""0"", ""model.layers.11"": ""0"", ""model.layers.12"": ""0"", ""model.layers.13"": ""0"", ""model.layers.14"": ""0"", ""model.layers.15"": ""0"", ""model.layers.16"": ""1"", ""model.layers.17"": ""1"", ""model.layers.18"": ""1"", ""model.layers.19"": ""1"", ""model.layers.2"": ""0"", ""model.layers.20"": ""1"", ""model.layers.21"": ""1"", ""model.layers.22"": ""1"", ""model.layers.23"": ""1"", ""model.layers.24"": ""1"", ""model.layers.25"": ""1"", ""model.layers.26"": ""1"", ""model.layers.27"": ""1"", ""model.layers.28"": ""1"", ""model.layers.29"": ""1"", ""model.layers.3"": ""0"", ""model.layers.30"": ""1"", ""model.layers.31"": ""1"", ""model.layers.4"": ""0"", ""model.layers.5"": ""0"", ""model.layers.6"": ""0"", ""model.layers.7"": ""0"", ""model.layers.8"": ""0"", ""model.layers.9"": ""0"", ""model.norm"": ""1"", ""model.rotary_emb"": ""1""}",0.7464834979982697
multi_64f95d308b86,0,mistralai/Mistral-7B-Instruct-v0.3,hf_measured,kvcomm_prefix,8192,128,16,4,32,True,False,,0.2875255633819166,9362.355774245154,475.36069152529825,8826.696253441274,0.0,0.0,60.29882927858048,27.999790471659953,1090519040,21701328896,0,0.6890624999999999,32,0,64,1528.7982039004564,475.36069152529825,,,,,runs/stateful/full_paper/exp5_throughput_overhead_mistral_hf/hf_measurements/mistralai_Mistral-7B-Instruct-v0.3/ctx8192_out128_s0/metrics.json,False,measured_profile_simulation,,https://github.com/FastMAS/KVCOMM,60.196429278580474,0.7,8,8,2,2,2,cuda,balanced,"{""lm_head"": ""1"", ""model.embed_tokens"": ""0"", ""model.layers.0"": ""0"", ""model.layers.1"": ""0"", ""model.layers.10"": ""0"", ""model.layers.11"": ""0"", ""model.layers.12"": ""0"", ""model.layers.13"": ""0"", ""model.layers.14"": ""0"", ""model.layers.15"": ""0"", ""model.layers.16"": ""1"", ""model.layers.17"": ""1"", ""model.layers.18"": ""1"", ""model.layers.19"": ""1"", ""model.layers.2"": ""0"", ""model.layers.20"": ""1"", ""model.layers.21"": ""1"", ""model.layers.22"": ""1"", ""model.layers.23"": ""1"", ""model.layers.24"": ""1"", ""model.layers.25"": ""1"", ""model.layers.26"": ""1"", ""model.layers.27"": ""1"", ""model.layers.28"": ""1"", ""model.layers.29"": ""1"", ""model.layers.3"": ""0"", ""model.layers.30"": ""1"", ""model.layers.31"": ""1"", ""model.layers.4"": ""0"", ""model.layers.5"": ""0"", ""model.layers.6"": ""0"", ""model.layers.7"": ""0"", ""model.layers.8"": ""0"", ""model.layers.9"": ""0"", ""model.norm"": ""1"", ""model.rotary_emb"": ""1""}",0.7464834979982697
multi_195384401e88,0,mistralai/Mistral-7B-Instruct-v0.3,hf_measured,distserve_style,8192,128,16,4,32,True,False,,0.07749193566250487,8938.931180762818,23.88747193594463,8826.696253441274,88.0402553856,0.2048,0.1024,29.32610115224419,1090519040,70883737600,2198486384640,0.0,32,2016,64,1528.7982039004564,4.217631763690225,,,,,runs/stateful/full_paper/exp5_throughput_overhead_mistral_hf/hf_measurements/mistralai_Mistral-7B-Instruct-v0.3/ctx8192_out128_s0/metrics.json,,,,,,,8,8,2,2,2,cuda,balanced,"{""lm_head"": ""1"", ""model.embed_tokens"": ""0"", ""model.layers.0"": ""0"", ""model.layers.1"": ""0"", ""model.layers.10"": ""0"", ""model.layers.11"": ""0"", ""model.layers.12"": ""0"", ""model.layers.13"": ""0"", ""model.layers.14"": ""0"", ""model.layers.15"": ""0"", ""model.layers.16"": ""1"", ""model.layers.17"": ""1"", ""model.layers.18"": ""1"", ""model.layers.19"": ""1"", ""model.layers.2"": ""0"", ""model.layers.20"": ""1"", ""model.layers.21"": ""1"", ""model.layers.22"": ""1"", ""model.layers.23"": ""1"", ""model.layers.24"": ""1"", ""model.layers.25"": ""1"", ""model.layers.26"": ""1"", ""model.layers.27"": ""1"", ""model.layers.28"": ""1"", ""model.layers.29"": ""1"", ""model.layers.3"": ""0"", ""model.layers.30"": ""1"", ""model.layers.31"": ""1"", ""model.layers.4"": ""0"", ""model.layers.5"": ""0"", ""model.layers.6"": ""0"", ""model.layers.7"": ""0"", ""model.layers.8"": ""0"", ""model.layers.9"": ""0"", ""model.norm"": ""1"", ""model.rotary_emb"": ""1""}",0.7464834979982697
